,원문,kobart,TextLank
1,일본이라는 키워드 하나로 살아온 인생 제가 좋아하고 잘 할 수 있는 일을 통해 그 분야에서 꾸준히 성장하는 것이 삶에서 가장 중요한 가치입니다 저는 학창 시절부터 이어져 온 일본에 대한 관심을 확장하고 심화하고자 학부 전공으로 선택하였습니다 고등학생 때부터 일본어에 관한 화제라면 친구들이 모두 저를 가장 처음으로 찾았으며 학부 재학 중에도 전공 공부가  즐거워서 심화 전공을 선택하였습니다 이 중전공을 하지 않는 대신 일본어 교직 이수를 함으로써 전공 전문성을 높이기 위해 노력했습니다 이런 모습을 보고 동기들은 일문과 중에서도 일본어를 가장 좋아하는 사람이라고 평가해 주었습니다 대외활동 면에서도 일본과 관련이 있는 분야에 적극적으로 지원하여 활동했습니다 저학년 때는 대학생기자단 일본 문화원 리포터 등의 활동  및 교내 한국어 센터 도우미로서 일본인 대만인 학생을 대상으로 봉사활동을 진행하였습니다 교환학생 귀국 후에는 습득한 지식과 경험을 바탕으로 년째 일본을 테마로 한 블로그를 운영해오고 있습니다 일어일문학을 전공하며 앞으로 한국과 일본을 잇는 기업으로 진출하여 지속적으로 활약하고 싶다는 꿈을 갖게 되었습니다 운 좋게 인턴으로서 첫 사회 경험을 일본계 은행에 서 할 수 있었습니다 인턴으로 근무하며 조직생활에 어느 정도 익숙해질 수 있었고 학생으로서 쌓은 일본 관련 지식 및 경험을 업무 현장에서 활용할 기회를 얻어 감사한 마음이 들었습니다 전자 분야를 선도 하는 한국무라타 전자의 혁신을 통한 사회 발전이라는 비전은 일본이라는 키워드로 한 길을 걸어온 제 삶과 일맥상통하는 부분이 있다고 생각합니다 제가 쌓아온 어학 및  커뮤니케이션 능력을 통해 고객사 및 공장과의 성공적 커뮤니케이션에 기여하겠습니다 한국무라타 전자의 일원이 되어 자아를 실현하고 사람들의 생활 편의에 도움을 줌으로써 사회 기여에 공헌하고 싶습니다,학창 시절부터 이어져 온 일본에 대한 관심을 확장하고 심화하고자 학부 전공으로 선택하였으며 학부 재학 중에도 전공 공부가 즐거워서 심화 전공을 선택하였고 이후 한국과 일본을 잇는 기업으로 진출하여 지속적으로 활약하고 싶다는 꿈을 갖게 되었다.,"저는 학창 시절부터 이어져 온 일본에 대한 관심을 확장하고 심화하고자 학부 전공으로 선택하였습니다.
고등학생 때부터 일본어에 관한 화제라면 친구들이 모두 저를 가장 처음으로 찾았으며 학부 재학 중에도 전공 공부가  즐거워서 심화 전공을 선택하였습니다.
교환학생 귀국 후에는 습득한 지식과 경험을 바탕으로 년째 일본을 테마로 한 블로그를 운영해오고 있습니다.
전자 분야를 선도 하는 한국무라타 전자의 혁신을 통한 사회 발전이라는 비전은 일본이라는 키워드로 한 길을 걸어온 제 삶과 일맥상통하는 부분이 있다고 생각합니다."
2,융통성과 책임감으로 무장한 일본계 경험자 한국무라타 전자의 영업관리 직무를 성공적으로 수행하기 위해 저는 하기와 같은 두 가지 역량이 가장 중요하다고 생각합니다 첫 번째 변화에 대처하는 유연한 태도입니다 유튜브에 업로드된 영업관리팀 선배님들의 인터뷰 영상을 보며 고객 생산에 관련된 업무 변동에 즉시 대응하는 것이 무엇보다 중요하다는 것을 알 수 있었습니다  영업관리 직무는 회사의 매줄과 직접적으로 연관되어 있다는 사실 또한 깨달았습니다 생산자인 공장 측의 입장과 고객 측의 입장을 정확히 이해하여 예상 가능한 갈등 상황을 미연에 방지하거나 융통성 있게 해결하는 역량이 필요합니다 은행에서 인턴으로 근무할 당시 고객사와의 미팅 일정이 미뤄지거나 앞당겨지는 등과 같은 경우를 종종 경험하였습니다 그래서 급하게 화 상회의를 세팅하거나 초과근무를 해서라도 번역 자료를 빨리 완성시켜 상부에 제출해야 했습니다 처음에는 수시로 바뀌는 상황에 혼란스럽기도 했습니다 하지만 근무하며 이와 같은 상황에도 적응이 되었습니다 더 이상 당황하지 않고 변화된 상황에 맞춰서 대처하는 요령을 익혔습니다 두 번째 맡은 일을 끝까지 완수하는 책임감입니다 영업관리 직무를 수행하기 위해서는 고객의 입 장에서 먼저 생각하는 서비스 정신이 요구된다고 생각합니다 그리고 그 과정에서 스트레스나 부담감 등도 당연히 발생할 수 있을 것입니다 업무상 스트레스를 지혜롭게 극복하여 담당 한 업무를 성공적으로 마치는 책임감이 필요합니다 인턴 업무 중 고객사 비서실과 자주 연락하며 팀의 비서 역할을 수행할 때가 많았습니다 고객사 응대 시에는 이 메일상의 말투와 같은 사소한  부분에도 주의를 기울여 좋은 이미지를 보일 수 있도록 노력했습니다 대내적으로도 비서나 총무 업무를 자주 맡아 하였는데 이 과정에서 업무에 대한 책임감을 내면화할 수 있었습니다 정해진 계약기간을 채우고 꽃다발을 받으며 퇴사하던 날 주어진 일에 최선을 다했던 스스로에게 뿌듯함을 느꼈습니다,"한국무라타 전자의 영업관리 직무를 성공적으로 수행하기 위해서는 생산자인 공장 측의 입장과 고객 측의 입장을 정확히 이해하여 예상 가능한 갈등 상황을 미연에 방지하거나 융통성 있게 해결하는 역량이 필요하며, 업무상 스트레스를 지혜롭게 극복하여 담당 한 업무를 성공적으로 마치는 책임감이 필요합니다","융통성과 책임감으로 무장한 일본계 경험자 한국무라타 전자의 영업관리 직무를 성공적으로 수행하기 위해 저는 하기와 같은 두 가지 역량이 가장 중요하다고 생각합니다.
처음에는 수시로 바뀌는 상황에 혼란스럽기도 했습니다.
더 이상 당황하지 않고 변화된 상황에 맞춰서 대처하는 요령을 익혔습니다.
영업관리 직무를 수행하기 위해서는 고객의 입 장에서 먼저 생각하는 서비스 정신이 요구된다고 생각합니다.
대내적으로도 비서나 총무 업무를 자주 맡아 하였는데 이 과정에서 업무에 대한 책임감을 내면화할 수 있었습니다."
3,서로 다른 커뮤니케이션 방식으로 지향하는 하나의 목표 다양성이란 소통 방식이 다르더라도 진심을 이해하는 것이라고 생각합니다 그 이유는 학부생 때 여러 국가 출신의 조원들과 팀 프로젝트를 하며 이와 같이 느꼈기 때문입니다 일본인 팀원들의 경우 개인차가 있지만 대체로 자신의 의견을 피력하지 않는 경향이 강했습니다 그래서 추진력이나 결단이 필요할 때 아쉬움과  조바심을 느낀 적이 많았습니다 반면 중국인 팀원들의 경우 일본인의 경우와는 반대로 자신의 의견을 우선적으로 주장하는 특성이 보였습니다 그래서 팀 전체 의견을 통일하는 데 어려움을 겪었습니다 중국인 학생과 팀 프로젝트를 준비할 때의 일입니다 한 명을 제외하고는 모두 한국인으로 구성되어 있어서 소통 언어는 자연스럽게 한국어가 되었습니다 그러나 중국인 학생이  한국어가 서툴러 소통하기가 어려웠고 시간도 많이 소요되었습니다 하지만 적극적인 의욕으로 참여하려는 모습에 마음이 움직였습니다 강의는 일본어로 진행되었기 때문에 조원들에게 프로젝트를 준비할 때도 일본어를 사용하자고 제안했습니다 이렇게 함으로써 각자 일본어에 더욱 익숙해질 수 있었고 중국인 조원과의 소통도 한층 수월해졌습니다 결국 발표도 일본어로 해야 했 기 때문에 프로젝트 진행의 효율성을 극대화할 수 있었습니다 다 만 아직 프레젠테이션을 구상 중인데 발표자를 먼저 정하려고 하는 등 중국인 팀원의 의욕이 앞서 나간 나머지 템포가 맞지 않는 경우가 있었습니다 처음에는 당황했지만 제가 일본에 교환학생으로 있을 때를 떠올렸습니다 저는 빨리 결론을 내고 싶은데 일본인 조원들은 계속해서 더 고민해보자고 할 때 답답 함과 소외감을 느꼈습니다 중국인 조원도 그런 마음이 지 않을까 라는 생각이 들어 진행 상황을 설명하며 설득했습니다 프로젝트 성공이라는 같은 목표를 향해 있었던 덕분에 매끄럽게 진행될 수 있었다고 생각합니다 서로 다른 언어를 쓰고 다른 문화의 영향을 받았더라도 진심을 이해한다면 문제 없다고 느꼈습니다,학부생 때 여러 국가 출신의 조원들과 팀 프로젝트를 하며 자신의 의견을 피력하지 않는 경향이 강했던 일본인 팀원들의 경우 추진력이나 결단이 필요할 때 아쉬움과 조바심을 느낀 적이 많았지만 중국인 팀원들의 경우 일본인의 경우와는 반대로 자신의 의견을 우선적으로 주장하는 특성이 있어 팀 전체 의견을 통일하는 데 어려움을 겪었다.,"일본인 팀원들의 경우 개인차가 있지만 대체로 자신의 의견을 피력하지 않는 경향이 강했습니다.
반면 중국인 팀원들의 경우 일본인의 경우와는 반대로 자신의 의견을 우선적으로 주장하는 특성이 보였습니다.
중국인 학생과 팀 프로젝트를 준비할 때의 일입니다.
강의는 일본어로 진행되었기 때문에 조원들에게 프로젝트를 준비할 때도 일본어를 사용하자고 제안했습니다.
결국 발표도 일본어로 해야 했 기 때문에 프로젝트 진행의 효율성을 극대화할 수 있었습니다."
4,일본 전공자로서 최고의 선택은 롯데 저는 회사를 선택할 때 첫 번째로 한 분야에서 전문가가 될 수 있는 곳인지를 가장 중요하게 생각합니다 즉 해당 업계에서 충분한 권위와 영향력을 가진 곳이어야 합니다 한국을 대표하는 롯데월드타워라는 랜드마크를 관리하는 롯데물산에서 경영지원 직무를 수행함으로써 한국 쇼핑산업 선도 업계 위라는 기준을 만족함은 물론 제 전공 과 인턴 경험도 살릴 수 있는 곳이라고 생각하였습니다 두 번째로 일본과 관련 있는 곳입니다 일어일문학 전공을 살릴 수 있는 분야에서 활약하기를 늘 꿈꿔 왔으며 일본계 은행에서 인턴으로 근무했던 경험을 가장 잘 살릴 수 있는 회사는 한일 양국에서 오랫동안 비즈니스를 펼쳐오고 있는 롯데가 유일하다고 확신합니다 특히 서울 전역에서 보이는 롯데타워는 한국의 대표적  랜드마크로서의 입지를 굳히고 있다고 생각합니다 복합쇼핑산업 및 문화를 선도 하는 롯데물산 입사가 제 기준에 대한 답이 될 것이라고 생각합니다,한국을 대표하는 롯데월드타워라는 랜드마크를 관리하는 롯데물산에서 경영지원 직무를 수행함으로써 한국 쇼핑산업 선도 업계 위라는 기준을 만족함은 물론 제 전공 과 인턴 경험도 살릴 수 있는 곳이라고 생각하며 한일 양국에서 오랫동안 비즈니스를 펼쳐오고 있는 롯데가 유일하다고 확신한다.,"일본 전공자로서 최고의 선택은 롯데 저는 회사를 선택할 때 첫 번째로 한 분야에서 전문가가 될 수 있는 곳인지를 가장 중요하게 생각합니다.
두 번째로 일본과 관련 있는 곳입니다."
5,한 달에 권 이상 독서와 기록 저는 맡은 분야에서 인자가 되기 위해 절대적인 기준을 세우고 그것을 충족시키기 위해 계속해서 노력합니다 학창 시절부터 전공 분야를 꾸준히 학습해온 것은 스스로의 자부심이며 전문성을 쌓기 위해 꾸준히 책을 읽습니다 중요한 부분은 따로 기록해 필요할 때마다 찾아봅니다 관련 정보가 필요한 사람들에게도 도움이 되니 뿌듯한 기분이 드 는 것은 덤입니다 더는 두렵지 않은 타인에게 말 걸기 저는 새로운 경험과 사람들과의 만남에 적극적입니다 특히 첫 사회 생활을 하면서 활발해져서 지인들도 눈에 띄게 밝아졌다고 평가해 주 곤 합니다 어느 날 퇴근길 엘리베이터에서 좋아하는 브랜드의 재킷을 입은 분을 마주친 적이 있습니다 예전이었다면 재킷 예쁘다 어디서 샀는지 궁금하다 생각만 했을 것입니다 하지만 그 날은 과감하게 안녕하세요 혹시 그 재킷 어디서 사셨어요 저도 좋아하는 브랜드라서 요 라고 말을 붙이고는 스스로도 놀랐습니다 타인을 두려워하던 제 모습은 더 이상 없었습니다 타인과의 교류를 열린 마음으로 수용하는 요령을 익혔다고 생각합니다 얼리 어답터의 즐거움 예전에는 기존의 현상을 유지하려는 두려움이 도전의식보다 컸습니다 하지만 친구들의 영향으로 신제품을 접 할 때마다 편리함과 즐거움을 느꼈습니다 머릿속에 새로운 것 해보자라는 공식이 성립했습니다 최근 열풍으로 지적재산권에 관심이 생겨 직접 만든 캐릭터와 그림을 로 발행해 보았습니다 수익화로 이어지지는 않았지만 개방적이고 수용적인 태도를 갖는 데 큰 도움이 되었습니다,얼리 어답터의 즐거움 예전에는 기존의 현상을 유지하려는 두려움이 도전의식보다 컸지만 친구들의 영향으로 신제품을 접 할 때마다 편리함과 즐거움을 느꼈다.,"관련 정보가 필요한 사람들에게도 도움이 되니 뿌듯한 기분이 드 는 것은 덤입니다.
더는 두렵지 않은 타인에게 말 걸기 저는 새로운 경험과 사람들과의 만남에 적극적입니다.
하지만 그 날은 과감하게 안녕하세요 혹시 그 재킷 어디서 사셨어요 저도 좋아하는 브랜드라서 요 라고 말을 붙이고는 스스로도 놀랐습니다.
하지만 친구들의 영향으로 신제품을 접 할 때마다.
머릿속에 새로운 것 해보자라는 공식이 성립했습니다.
수익화로 이어지지는 않았지만 개방적이고 수용적인 태도를 갖는 데 큰 도움이 되었습니다다."
6,낮엔 노래하고 밤엔 글을 썼습니다 좋아하는 분야에 대한 높은 몰입도와 진지함을 장점으로 살려 동아리 및 취미 활동에 열심히 임했던 경험이 가장 기억에 남습니다 신입생 때 오디션에 합격해 교내 중앙밴드동아리에서 활동했습니다 취미라 할지라도 이 분야의 재능을 세상에 인정받고 싶다는 의욕이 생겼습니다 한 목표를 향해 거의 매일 밤늦게까지 합주실에서 연습을 거 듭했습니다 캄캄한 귀갓길에 들었던 생각은 무언가에 이렇게 몰입하고 있다는 것이 자랑스럽다는 것이었습니다 연습량이 늘어날수록 목소리와 잘 맞는 곡을 고르는 감각도 날카로워졌습니다 밴드의 특색을 결정짓는 보컬로서 구성원들과도 인간적으로 가까워지려고 노력했습니다 그 결과 새내기임에도 불구하고 년에 약 번 이상의 라이브를 기록하였고 대학 연합 서바이벌 밴드경연 대회에서 종합 위의 성적을 거두었습니다 밴드 외에도 학생 때부터 취 미로 써오던 시를 모아 자가 출판하여 판매한 경험도 있습니다 시간이 날 때마다 써온 글이 모여 책 한 권 분량이 되었을 때 결과 물로 세상에 내놓고 싶다는 생각이 들었습니다 그래서 문서 파일 편집부터 디자인 결정 등 자가 출판 과정에 필요한 모든 과정을 스스로 진행하였습니다 마침내 결과 물이 제  손 안에 쥐어졌을 때 들었던 뿌듯함은 지금도 선명히 남아 제가 어떤 일에 도전할 때에도 든든한 자신감이 되어 줍니다 이처럼 저는 학업 이외에도 한 번 발을 담근 분야에서 의 미 있는 성과를 내기 위해 진지한 태도로 열 중하는 태도를 가진 사람입니다 좋아하는 분야에 열정적으로 임했던 기 억으로 삶을 살아가고 싶습니다,좋아하는 분야에 대한 높은 몰입도와 진지함을 장점으로 살려 동아리 및 취미 활동에 열심히 임했던 경험이 가장 기억에 남는다.,"좋아하는 분야에 대한 높은 몰입도와 진지함을 장점으로 살려 동아리 및 취미 활동에 열심히 임했던 경험이 가장 기억에 남습니다.
캄캄한 귀갓길에 들었던 생각은 무언가에 이렇게 몰입하고 있다는 것이 자랑스럽다는 것이었습니다.
마침내 결과 물이 제  손 안에 쥐어졌을 때 들었던 뿌듯함은 지금도 선명히 남아 제가 어떤 일에 도전할 때에도 든든한 자신감이 되어 줍니다.
좋아하는 분야에 열정적으로 임했던 기 억으로 삶을 살아가고 싶습니다다."
7,여러 부서를 지원했던 경험을 살리겠습니다 은행의 인턴으로 근무하며 소속 되어 있던 영업팀은 물론 총무팀팀 준법감시팀 등 다양한 부서의 사람들과 협업할 기회가 많았습니다 팀 내 비서 업무를 전담하며 롯데 계열사 비서실과도 자주 연락하였으며 이러한 경험을 통해 조직 내 의사결정 및 업무 진행 과정에 대해 배울 수 있었습니다 팀별로 업무일과 나 사용 단어가 다른 경우가  많았는데 필요한 사항을 정확히 이해하고 팀원분께 전달해 드려 성공적으로 업무를 끝마치는 데 도움이 되었을 때 뿌듯함을 느꼈습니다 새로운 거래 건 체결 관련 화상회의 환경을 세팅함으로써 업무 현장 내 분위기를 체감하였습니다 특히 거래처와 지속적인 관계 유지나 새 계약을 맺기 위한 모든 활동이 조직을 경영하기 위해 필요한 것임을 깨달았습니다 앞으로도 경영지원  업무에서 전문성을 쌓아가고 싶습니다 배려는 물론 도전을 두려워하지 않겠습니다 저는 겁이 많고 쉽게 불안해 하는 성격이었습니다 그러나 개인적으로 힘든 일이 많았던 작년을 보내고 난 뒤 지금 아니면 언제라는 도전적인 마인드를 갖게 되었습니다 타고난 역지사지 정신에 과감한 도전의식을 더해 롯데물산의 경영지원 업무를 수행하며 신입사원의 자세로 열심히 배우며 활 약해 나가고 싶습니다 국내 인프라뿐만 아니라 전 세계에 한국 랜드마크로서의 롯데타워를 알리는 데 저의 역량을 최대한으로 사용하고 싶습니다 특히 영어와 일본어를 활용하여 향후 이와 관련된 의사결정이 내려졌을 때 관련 정보 통번역 및 이에 필요한 사무업무 등을 통해 롯데물산의 성장 가능성을 넓혀 나가기를 희망합니다,은행의 인턴 인턴으로 근무하며 소속 되어 있던 영업팀은 물론 총무팀팀 준법감시팀 등 다양한 부서의 사람들과 협업할 기회가 많았고 롯데 계열사 비서실과도 자주 연락하였으며 이러한 경험을 통해 조직 내 의사결정 및 업무 진행 과정에 대해 배울 수 있었다.,"팀 내 비서 업무를 전담하며 롯데 계열사 비서실과도 자주 연락하였으며 이러한 경험을 통해 조직 내 의사결정 및 업무 진행 과정에 대해 배울 수 있었습니다.
팀별로 업무일과 나 사용 단어가 다른 경우가  많았는데 필요한 사항을 정확히 이해하고 팀원분께 전달해 드려 성공적으로 업무를 끝마치는 데 도움이 되었을 때 뿌듯함을 느꼈습니다.
타고난 역지사지 정신에 과감한 도전의식을 더해 롯데물산의 경영지원 업무를 수행하며 신입사원의 자세로 열심히 배우며 활 약해 나가고 싶습니다."
8,입사 후 년간은 새로운 환경에 적응하고 업무를 배워가면서 저만의 업무 루틴을 개발해 효율성을 높여가는 것이 가장 큰 목표입니다 익숙하지 않고 서툴러서 만약 실수하게 되는 경우가 일어나더라도 즉시 윗선에 보고함은 물론 기 죽지 않고 긍정적인 신입사원으로서의 존재감을 굳히겠습니다 롯데물산의 사업이 원활히 진행될 수 있도록 최전방에서 기 초체력을 보충한다는 느 낌으로 가장 작고 기본적인 일을 최고로 중시하는 태도로 임하겠습니다 이는 입사 후 년이 되어도 변하지 않는 가치로 지켜가고 싶습니다 년 이상 연차가 차면 주어진 일을 수행하는 것에 더해 롯데물산 경영지원 직무에서 필요한 의사결정에 적절한 판단을 제시하는 방향 키 역할을 해내길 희망합니다 학부생 시절 다양한 조별 과제에서 항상 조장을 맡았던 경험 등을 살려  팔로워에서 시작해 리더로 거듭나는 것이 최종 목표입니다 쇼핑계의 전통적인 강자인 롯데물산이 장래 동아시아의 최고 쇼핑센터가 되도록 기여하고 싶습니다,롯데물산의 사업이 원활히 진행될 수 있도록 최전방에서 기 초체력을 보충한다는 느 낌으로 가장 작고 기본적인 일을 최고로 중시하는 태도로 임하겠으며 입사 후 년간은 새로운 환경에 적응하고 업무를 배워가면서 저만의 업무 루틴을 개발해 효율성을 높여가는 것이 가장 큰 목표이다.,
9,다방면으로 사고하는 힘 국제의료 마케팅 병원 경영학을 수강하면서 포지셔닝과 좋은 병원과 나쁜 병원을 비교 분석하는 과제를 하면서 의료의 질의 중요성을 알게 되었습니다 은 고객 최적화 서비스로 편리함과 진료의 신뢰감을 주었습니다 좋은 병원과 나쁜 병원은 환자에게 의료 서비스를 쾌적함과 신뢰감을 주는 것에 차이가 난다는 것을 알게 되었습니다 의료 서비스의  질에 건강보험의 수가 선정이 결정적인 영향을 준다는 것을 배웠습니다 의료조직의 사고방식을 토대로 다양한 조직에서 활동을 하면서 다방면으로 사고해서 문제를 해결하는 힘을 키웠습니다 스쿨에서 매출 증대 방안 미션을 수행하면서 의 근본적인 문제점을 찾아 해결책을 제시했습니다 매장을 방문해 타 매장 대비 제품을 고객에 맞게 설명하지 못하는 점을 파악했습니 다 혁신센터 서포터즈에서 제품을 개발할 때 연구적인 관점도 중요하지만 고객의 측면에서 어떤 가치를 제공할 수 있는지 명확히 해야 하는 것을 배웠습니다 창업을 할 때 시장의 동향을 명확히 파악해서 연구개발을 통해 제품의 기술력이 고객에게 전달되는 설계가 중요하다는 것을 배웠습니다,국제의료 마케팅 병원 경영학을 수강하면서 포지셔닝과 좋은 병원과 나쁜 병원을 비교 분석하는 과제를 하면서 좋은 병원과 나쁜 병원은 환자에게 의료 서비스를 쾌적함과 신뢰감을 주는 것에 차이가 난다는 것을 알게 되었고 의료조직의 사고방식을 토대로 다양한 조직에서 활동을 하면서 다방면으로 사고해서 문제를 해결하는 힘을 키웠다.,"다방면으로 사고하는 힘 국제의료 마케팅 병원 경영학을 수강하면서 포지셔닝과 좋은 병원과 나쁜 병원을 비교 분석하는 과제를 하면서 의료의 질의 중요성을 알게 되었습니다.
혁신센터 서포터즈에서 제품을 개발할 때 연구적인 관점도 중요하지만 고객의 측면에서 어떤 가치를 제공할 수 있는지 명확히 해야 하는 것을 배웠습니다."
10,성공적인 세미나 준비하기 관리원 정책 총괄팀 인턴에서 글로벌 개국 소재부품 장비의 현황조사 세미나를 준비했습니다 선임의 도움을 받아 한 글로 문서 정리를 통해 설명을 하는 것을 생각했습니다 하지만 선임은 세미나 준비는 자료로 준비하는 것은 자료 이해에 도움이 된다고 조언했습니다 그래서 를 어떻게 구성할지 와 도표를 어떻게 구성할지 고민을 했습니다 작성 을 슬라이드마다 연결성 있게 구성을 하는 것이 중요하다고 생각했습니다 그래서 자료에 대한 요약과 거시적인 관점에서 현황 파악 및 결과를 도 출하고 항목별로 세부적으로 설명하는 형식으로 구성했습니다 의 통계 기준을 제시할 때 이 아닌 로 한 이 유의 설명을 구성했습니다 그 후에 주요 개국의 소재 부품의 수출 현황을 도 표화했습니다 부품 소재의 산업 군의 글로벌  시장의 시장 점유율 및 대 세계 별 수출 현황을 소재 부품별로 명확히 파악 및 분석한 자료를 구성했습니다 주요 개국 별로 산업 군 의존도를 통해 소재부품에서 어떤 산업의 의존도가 높은 지 와 강점과 단점을 파악했습니다 한국은 특히 전자산업 부품 의존도가 이상이고 부품의 수입이 높습니다 그래서 다른 부품 소재 산업의 육성을 통해 다각화된 부품산업의 글로벌  경쟁력을 확보를 해야 한다고 방향성을 제시했습니다 일본은 한국에 비해 수출 대 품목은 한국보다 낮지만 균형적인 다각화된 산업 편 중도를 갖고 있습니다 한국은 중국의 성장에 따른 위협에 고객의 니즈에 맞는 품질 경쟁력을 확보하는 것을 제안했습니다 자주포 사례를 통해 합리적인 가격에 해 당 군 수요를 수요하는 성능을 통해 글로벌 시장을 선도 하는 근거를 제시했 습니다 그래서 독일 일본 미국은 가격 경쟁력이 약하기 때문에 그 부분에 대한 경쟁력을 확보하고 해당 니즈에 맞게 최적화된 품질 경쟁력을 확보하는 것을 제안했습니다 그 결과 세미나 발표에서 직원에게 해당 산업 군에 현황 분석과 이 해도가 높다는 칭찬을 받았습니다 스피드와 정확성을 갖춘 업무처리 센터 서포터즈에서 대구 스타트업 주간 취재 및 인터뷰를 수행했습 니다 대구 스타트업 주간은 일 일정으로 되어 있었고 월요일과 화요일 수요일 토요일에 행사 취재 및 인터뷰 역할을 수행했습니다 목요일은 일정을 소화하지 않는 것으로 되어 있지만 팀원들이 중간고사 시험 일정으로 인해 참석 인원이 없었습니다 그래서 월요일에서 수요일까지만 취재하기로 되어 있지만 목요일까지 취재하는 것으로 일정을 조정했습니다 목요일 오후에는 스타트업  주간 행사 취재 및 인터뷰를 하기로 했습니다 이러한 상황에서 해당 요일에 스타트업의 행사 일정을 미리 파악해 취재 및 인터뷰를 할 수 있는 스타트업과 행사 일정을 파악했습니다 센터의 스타트업 행사 건물 현황 및 행사 안내 카탈로그를 보면서 대구 스타트업 주간 행사의 특징을 파악했습니다 그 후 목요일 스타트업 행사 일정에 어떻게 취재를 하는 것이 스타트 업의 특징이 잘 표현될지와 센터가 스타트업을 지원하기 위해 어떤 역할을 수행하고 있는지 전달하는데 고민했습니다 행사 배경과 행사장 느낌이 스타트업의 이미지에 어울리는 장면을 위주로 촬영을 했습니다 인터뷰는 분량 확보 보단 내용의 체계 성과 짜임새를 중요하게 생각했습니다 그래서 인터뷰 질문 구성을 개의 질문 단위로 개별화하기보다는 질문 간의 유기적으로 연결성  있게 구성했습니다 인터뷰의 질문을 해 당 기업의 설립 이유 비전 제품의 차별화된 특징을 물어보되 시청자들의 입장에서 궁금할 만한 질문을 사이에 추가해서 인터뷰를 진행했습니다 센터 행사 담당자를 인터뷰를 통해 센터가 스타트업 주간과 같은 행사를 어떤 목적으로 하는지 알리는 것이 중요하다고 생각했습니다 대구 스타트업 주간 행사 담당자에게 이러한 행사를 개최하 게 된 이유와 기대 효과에 대해서 인터뷰했습니다 그 결과 담당 직원에게 인터뷰의 내용이 핵심적인 것이 잘 드러났다는 칭찬과 예정된 시간보다 일정을 빨리 끝냈습니다,관리원 정책 총괄팀 인턴에서 글로벌 개국 소재부품 장비의 현황조사 세미나를 준비하면서 자료는 자료로 준비하는 것이 자료 이해에 도움이 된다고 조언하며 자료의 요약과 거시적인 관점에서 현황 파악 및 결과를 도 출하고 항목별로 세부적으로 설명하는 형식으로 구성했다.,"연결성 있게 구성을 하는 것이 중요하다고 생각했습니다.
그래서 자료에 대한 요약과 거시적인 관점에서 현황 파악 및 결과를 도 출하고 항목별로 세부적으로 설명하는 형식으로 구성했습니다.
부품 소재의 산업 군의 글로벌  시장의 시장 점유율 및 대 세계 별 수출 현황을 소재 부품별로 명확히 파악 및 분석한 자료를 구성했습니다.
그래서 다른 부품 소재 산업의 육성을 통해 다각화된 부품산업의 글로벌  경쟁력을 확보를 해야 한다고 방향성을 제시했습니다.
그래서 독일 일본 미국은 가격 경쟁력이 약하기 때문에 그 부분에 대한 경쟁력을 확보하고 해당 니즈에 맞게 최적화된 품질 경쟁력을 확보하는 것을 제안했습니다.
그래서 월요일에서 수요일까지만 취재하기로 되어 있지만 목요일까지 취재하는 것으로 일정을 조정했습니다.
목요일 오후에는 스타트업  주간 행사 취재 및 인터뷰를 하기로 했습니다.
이러한 상황에서 해당 요일에 스타트업의 행사 일정을 미리 파악해 취재 및 인터뷰를 할 수 있는 스타트업과 행사 일정을 파악했습니다.
그래서 인터뷰 질문 구성을 개의 질문 단위로 개별화하기보다는 질문 간의 유기적으로 연결성  있게 구성했습니다.
센터 행사 담당자를 인터뷰를 통해 센터가 스타트업 주간과 같은 행사를 어떤 목적으로 하는지 알리는 것이 중요하다고 생각했습니다."
11,미래의 마에스트로 한국과학기술연구원의 홍보 영상을 보면서 대한민국의 과학기술 발전에 미래의 인프라 구축을 한다는 것을 알게 되었습니다 신화 창조의 비밀과 글로벌 기업의 성공 사례에서 미래의 인류 사회를 주도 하기 위해 지속적인 기술 및 인재 육성을 통해 미래 성장 동력 확보의 중요성 배웠습니다 한국과학기술연구원에서 대한민국의 미래 과학기술의 연구개발 경쟁력  확보와 미래의 신성장 산업 분야의 글로벌 시장 경쟁력을 확보하는데 기여하겠습니다 이러한 역할을 통해 한국과학기술연구원에서 인류사회의 역동성과 따뜻함을 구현하겠습니다,미래의 마에스트로 한국과학기술연구원의 홍보 영상을 보면서 대한민국의 과학기술 발전에 미래의 인프라 구축을 한다는 것을 알게 되었고 미래의 인류 사회를 주도 하기 위해 지속적인 기술 및 인재 육성을 통해 미래 성장 동력 확보의 중요성 배웠다.,한국과학기술연구원에서 대한민국의 미래 과학기술의 연구개발 경쟁력  확보와 미래의 신성장 산업 분야의 글로벌 시장 경쟁력을 확보하는데 기여하겠습니다.
12,다방면으로 사고하는 힘 창업 성장 지원팀에서 정교한 분석력을 발휘해 글로벌 연구 성과 및 동향을 명확히 파악해서 명확한 해결책 및 방향성을 제시하는데 탁월하다고 생각합니다 학창 시절 국제의료마케팅 병원 경영학에서 상급종합병원의 현황을 파악해 문제점을 찾아 해결책을 제시하는 과제를 통해 근본적인 문제점을 찾아 명확한 해결책을 제시하는 역량을 끌어올렸습니다 창 의력 캠프에서 번의 최우수상 시상을 통해 업무 과제의 특성을 파악하고 팀원들의 성향에 맞게 상황에 맞는 리더십 발휘의 중요성을 배웠습니다 이후에 마케팅 언론 공기업 문화행사 스타트업 의료 관광 국토교통과학 등 다양한 조직에서 대외활동 경험했습니다 다양한 조직 측면에서 사고방식과 특징을 파악해 해당 관점에서 사고하는 힘을 키웠습니다,학창 시절 국제의료마케팅 병원 경영학에서 상급종합병원의 현황을 파악해 문제점을 찾아 해결책을 제시하는 과제를 통해 근본적인 문제점을 찾아 명확한 해결책을 제시하는 역량을 끌어올렸으며 창 의력 캠프에서 번의 최우수상 시상을 통해 업무 과제의 특성을 파악하고 팀원들의 성향에 맞게 상황에 맞는 리더십 발휘의 중요성을 배웠다.,다양한 조직 측면에서 사고방식과 특징을 파악해 해당 관점에서 사고하는 힘을 키웠습니다다.
13,한국과학기술연구원에서 업무 메커니즘을 명확히 파악해서 업무처리 속도의 원 활함과 효과성 및 생산성을 증대하겠습니다 창업성장 지원팀의 상사분들의 특징과 업무 프로세스를 명확히 파악해서 업무 및 부서 적응을 빨리 하겠습니다 바이오산업의 글로벌 현황을 명확히 분석해서 미래의 성장 동력을 확보하는데 기여하겠습니다 바이오산업의 특징이 무엇인지 파악하고 이를 토대로  어떻게 연구개발 프로젝트를 기획하는 것이 효과적인지 파악하겠습니다 부족한 부분은 상사분들께 물어서 어떻게 보완할지 해결책을 찾고 퇴근 후 사내강좌를 통해 보완하겠습니다,창업성장 지원팀의 상사분들의 특징과 업무 프로세스를 명확히 파악해서 업무처리 속도의 원 활함과 효과성 및 생산성을 증대하겠으며 바이오산업의 글로벌 현황을 명확히 분석해서 미래의 성장 동력을 확보하는데 기여하겠습니다,바이오산업의 글로벌 현황을 명확히 분석해서 미래의 성장 동력을 확보하는데 기여하겠습니다.
14,대학교 학년 때 컬처 학생기자단에 단장을 수행했습니다 제가 처음으로 교내 조직에서 리더를 처음 맡았고 첫 단추는 잘 끼우는 것이 중요하다고 생각해서 조직을 발전시켜서 유지하는 것이 중요하다고 생각했습니다 컬처 학생기자단을 하면서 가장 어려웠던 점은 운영 프로세스를 만들면서 글쓰기 실력과 피드백 실력을 향상 시키는 것이었습니다,컬처 학생기자단을 하면서 가장 어려웠던 점은 운영 프로세스를 만들면서 글쓰기 실력과 피드백 실력을 향상 시키는 것이었습니다,
15,컬처 학생기자단은 처음 만들어져서 운영 지침이나 시스템이 없었습니다 그래서 피드백을 어떻게 할 것인지 와 사업단에 제출할 양식을 어떻게 만들어야 하는지에 대해 고민이 많았습니다 팀 회의를 했는데 모여서 하는 것은 시간을 다 맞춰야 하기 때문에 문제가 돼서 저는 카페를 만들어서 운영하기로 했습니다 글쓰기 실력을 늘려야 제대로 된 피드백을 통해서 팀원들의  기사를 향상 시킬 수 있다고 생각했습니다 그래서 잘하는 팀원의 기사를 계속 보면서 부족했던 점이 무엇인지를 생각했고 보완하기 위해 잘 쓴 기사와 제가 쓴 기사를 비교했습니다 그리고 표현이 명확했는지 문장이 논리적이었는지 검토를 했습니다 월 기사에서는 자유분방함 콘셉트를 유지하되 본인의 생각과 문맥의 논리성과 구체성을 강조했습니다,컬처 학생기자단은 처음 만들어져서 운영 지침이나 시스템이 없었기 때문에 글쓰기 실력을 늘려야 제대로 된 피드백을 통해서 팀원들의  기사를 향상 시킬 수 있다고 생각했다.,"그래서 피드백을 어떻게 할 것인지 와 사업단에 제출할 양식을 어떻게 만들어야 하는지에 대해 고민이 많았습니다.
그리고 표현이 명확했는지 문장이 논리적이었는지 검토를 했습니다."
16,초창기에 팀원들의 기 사 양식이 체계적이지 않았고 내용의 논리성과 육 하원칙이 명확하지 않았다는 피드백을 받았습니다 그래서 기사 양식을 다시 수정해야 하는 일이 발생했고 기사 피드백할 담당자를 따로 뽑아야 한다는 의견이 많았습니다 월 기사에서는 피드백에 대한 비판이 없었고 저희 팀이 기사가 내용이 명확하게 참신성이 향상된 기 사라는 피드백을 받았습니다 이러 한 배움을 통해 초창기에 업무 프로세스를 기 일이 걸리더라도 확립하는 것이 업무 효율성과 효과성을 잡는다는 것을 깨달았습니다 기사 피드백은 지속적인 글 교열과 내용 피드백을 통해 지속적인 검토의 중요성을 배웠습니다,초창기에 팀원들의 기 사 양식이 체계적이지 않았고 내용의 논리성과 육 하원칙이 명확하지 않았다는 이유로 기사 피드백할 담당자를 따로 뽑아야 한다는 의견이 많았지만 저희 팀이 내용이 명확하게 참신성이 향상된 기 사라는 피드백을 받았다.,초창기에 팀원들의 기 사 양식이 체계적이지 않았고 내용의 논리성과 육 하원칙이 명확하지 않았다는 피드백을 받았습니다.
17,캠퍼스 잡앤조이 유니브 엑스포 기획단에서 유니브 엑스포 기간 동안 대외활동 상담코너를 운영하기로 했습니다 대외활동 상담코너에서 멘토를 초청해서 운영하기로 했습니다 팀원들은 다양한 분야의 대외활동을 많이 한 사람을 멘토로 선정해야 한다고 생각했고 저는 메이저 대외활동을 열정적으로 수행한 사람을 선정해야 한다는 견해 차이가 있었습니다,캠퍼스 잡앤조이 유니브 엑스포 기획단에서 유니브 엑스포 기간 동안 대외활동 상담코너를 운영하기로 했으며 팀원들은 다양한 분야의 대외활동을 많이 한 사람을 멘토로 선정해야 한다고 생각했고 저는 메이저 대외활동을 열정적으로 수행한 사람을 선정해야 한다는 견해 차이가 있었습니다,
18,대외활동 상담 멘토 기준을 메이저 활동에서 열정적으로 임해서 성과를 창출한 사람을 선정하자고 제안했습니다 대외활동 지원에 관해 상담하기 위해서는 해당 활동에 지원서를 제대로 쓰고 열정적으로 활동을 임하는 흔적이 있어야 합니다 다양한 조직에서 대외활동을 하는 것도 중요하지만 개수가 적더라도 메이저 활동에서 열정적으로 활동해서 성과를 창출한 사람이 대외활 동 상담을 좀 더 진 솔하고 세부적으로 해줄 것이라고 생각했습니다 대외활동을 많이 하더라도 활동에 제대로 임하지 않으면 그 경험이 상담 받는 사람에게 조언이 도움의 기 대 효과가 약할 거라고 말했습니다 사례로 제가 예전에 활동 했던 조직에서 팀원들의 활동 경력과 업무 능력의 관계의 연관성의 해당 사례를 설명했습니다,대외활동 지원에 관해 상담하기 위해서는 해당 활동에 지원서를 제대로 쓰고 열정적으로 활동을 임하는 흔적이 있어야 하고 개수가 적더라도 메이저 활동에서 열정적으로 활동해서 성과를 창출한 사람이 대외활 동 상담을 좀 더 진 솔하고 세부적으로 해줄 것이라고 생각했다.,다양한 조직에서 대외활동을 하는 것도 중요하지만 개수가 적더라도 메이저 활동에서 열정적으로 활동해서 성과를 창출한 사람이 대외활 동 상담을 좀 더 진 솔하고 세부적으로 해줄 것이라고 생각했습니다.
19,팀 회의에서 의사소통을 하면서 해당 기획안의 본질이 무엇인지 정확히 파악하는 것이 중요했습니다 대외활동 상담코너를 통해 학생들이 본인이 원하는 활동에 최종 합격에서 열정적으로 합격해서 수료하는 데 도움을 주는 것입니다 그래서 제가 수많은 대외활동을 하는 것보다 개라도 제대로 활동해서 성과를 창출한 사람을 선별하는 것이 대외활동 상담 코너에서 상담의 질 과 신뢰를 높인다고 생각했습니다 그 후에 대외활동 활동 관련 블로그를 조사하면서 연락했지만 일 정상의 문제로 거절 당했습니다 그 중에 대학생 홍보대사를 했고 최우수팀과 최우수 활동상을 받아서 요건에 충족한 학생에게 제안을 했지만 개인 일정 상 참석하지 못해서 아쉬웠습니다 그래서 내부에서 조건이 충족되는 인원을 뽑았습니다,대외활동 상담코너를 통해 학생들이 본인이 원하는 활동에 최종 합격에서 열정적으로 합격해서 수료하는 데 도움을 주는 것이 대외활동 상담 코너에서 상담의 질 과 신뢰를 높인다고 생각하여 제가 수많은 대외활동을 하는 것보다 개라도 제대로 활동해서 성과를 창출한 사람을 선별하는 것이 대외활동 상담 코너에서 상담의 질 과 신뢰를 높인다고 생각했다.,"그 후에 대외활동 활동 관련 블로그를 조사하면서 연락했지만 일 정상의 문제로 거절 당했습니다.
그래서 내부에서 조건이 충족되는 인원을 뽑았습니다다."
20,관리원 정책 총괄팀 인턴을 수행하면서 팀장님께서 미국 중국 독일 일본 한국의 소재 부품의 글로벌 산업 동향 세미나 준비를 부탁 받았습니다 이 과제에서 목표는 한국 중국 일본 중국 독일의 소재 부품별 수출 및 수입과 시장 점유율 자료를 어떻게 하면 깔끔하게 시각화와 자료 이해를 쉽게 할지 고민을 했었습니다 이러한 목표를 통해 대한민국의 소재 부품 글로벌  시장점유율을 높이기 위해 어떤 전략을 수립해야 하는지 고민했습니다,관리원 정책 총괄팀 인턴을 수행하면서 팀장님께서 미국 중국 독일 일본 한국의 소재 부품의 글로벌 산업 동향 세미나 준비를 부탁받았고 한국 중국 일본 중국 독일의 소재 부품별 수출 및 수입과 시장 점유율 자료를 어떻게 하면 깔끔하게 시각화와 자료 이해를 쉽게 할지 고민을 했었으며 이러한 목표를 통해 대한민국의 소재 부품 글로벌  시장점유율을 높이기 위해 어떤 전략을 수립해야 하는지 고민했었습니다,
21,주어진 자원은 근무시간과 해당 주제에 관한 세미나의 부서 선배의 조언을 통해 어떻게 준비하면 되는지 방향성을 잡을 수 있었습니다 근무시간에 어떻게 자료를 정리하고 결론을 마무리할지 고민을 했습니다 안정적으로 몰입할 수 있는 시간 및 근무환경은 확보했지만 해당 자료를 읽으면서 이해가 되지 않는 부분이 있어서 힘들었습니다 그래서 해당 자료를 작성한 담당자 의 연락처를 찾는 것이 힘들었습니다 그래서 관련 부서 연락처를 직접 찾는데 시행착오를 겪었습니다 진흥원에서 해당 자료를 만든 담당자분의 연락처를 받았습니다,진흥원에서 해당 자료를 만든 담당자분의 연락처를 직접 찾는데 시행착오를 겪었으며 진흥원에서 해당 자료를 만든 담당자분의 연락처를 받았습니다,그래서 해당 자료를 작성한 담당자 의 연락처를 찾는 것이 힘들었습니다.
22,주요 개국 별로 근무시간별 시간씩 나눠서 수출 및 수입 시장 점유율 산업 의존도 별로 나눠서 자원관리를 했습니다 세미나 시간에서 발표에서 자료는 알기 쉽고 명확하게 정리되었고 해당 산업 군의 현황 분석 및 이해도가 뛰어나다는 칭찬을 받았습니다 근무 시간에서 해당 자료를 반복적으로 읽고 목록을 어떻게 분류할지 정리하는 데 시간을 투자했습니다 이러한 목록  분류 목차를 정리했고 구성의 전반적인 구성이 내용이 자연스럽게 연결되고 부연 설명이 구체적인 지 파악했습니다 자료 구성을 체계적으로 구성했고 그래프를 자료의 특성에 맞게 어떤 그래프를 할지 세분화해서 그래프를 만들었습니다 이러한 작업이 완료된 후에 자료의 잘못된 기 입이 없는지 번씩 확인해서 잘못 기입된 것을 수정했습니다,주요 개국 별로 근무시간별 시간 나눠서 수출 및 수입 시장 점유율 산업 의존도 별로 나눠서 자원관리를 했으며 세미나 시간에서 발표에서 자료는 알기 쉽고 명확하게 정리되었고 해당 산업 군의 현황 분석 및 이해도가 뛰어나다는 칭찬을 받았다.,이러한 작업이 완료된 후에 자료의 잘못된 기 입이 없는지 번씩 확인해서 잘못 기입된 것을 수정했습니다다.
23,은 생산 장비 기술력을 필두로 시장에 독보적인 영향을 끼치고 있으며 최근 고성능 저전력화를 위한 솔루션을 비전으로 내세우며 중대 혁신을 진행 중입니다 또한 근본이 되어주는 장비 기술력에 더불어 의 역할 또한 이루 말할 수 없이 중요합니다 지난 년 기준 전체 매출의 를 차지하며 기업 성장에 큰 이 바지를 할 뿐만 아니라 품질 보증을 통해 고객사와의  두터운 신뢰를 쌓아가는 사업의 모습을 보며 지원을 결심하게 되었습니다 에 적합한 인재 직무는 고객사에서 운용 중인 설비에 발생한 트러블의 원인을 정확하게 파악하여 큰 손실로 이어지기 전에 신속하게 조치를 취하는 것이 주 업무입니다 이 업무의 최종 목표는 고객사의 생산에 차질이 없도록 장비의 최고의 성능을 보장하여 신뢰를 얻어내는 것입니다 이러한 업무 에 적합한 제 장점을 보여드리겠습니다 우선 기계학과 학부 연구생으로 활동하며 밀링 프린터 등 다양한 기계를 다루었습니다 여러 장비의 유지 관리를 담당하며 직접 가 동해야 했기에 각 기기의 제원과 성능을 정확하게 파악하고 장비의 작동 원리를 숙지하였습니다 그러던 중 트러블이 생겨 를 받은 적이 다수 있었으며 신속하고 만족스럽게 하드웨어적 조치를 받게 되어  고객사의 마음을 한 껏 이해할 수 있었습니다 교육을 통해 배운 반도체 공정과 정 지식 장비에 대한 이해력 역지사지의 마음으로 훌륭한 필드 엔지니어가 되어 기여하고 싶습니다,지난 년 기준 전체 매출의 를 차지하며 기업 성장에 큰 이 바지를 할 뿐만 아니라 품질 보증을 통해 고객사와의 신뢰를 쌓아가는 사업의 모습을 보며 지원을 결심하게 되었다.,"에 적합한 인재 직무는 고객사에서 운용 중인 설비에 발생한 트러블의 원인을 정확하게 파악하여 큰 손실로 이어지기 전에 신속하게 조치를 취하는 것이 주 업무입니다.
이 업무의 최종 목표는 고객사의 생산에 차질이 없도록 장비의 최고의 성능을 보장하여 신뢰를 얻어내는 것입니다.
그러던 중 트러블이 생겨 를 받은 적이 다수 있었으며 신속하고 만족스럽게 하드웨어적 조치를 받게 되어  고객사의 마음을 한 껏 이해할 수 있었습니다."
24,멘토와 함께 유비무환 아버지의 친한 친구이자 제 멘토가 되어 주신 이웃 아저씨를 통해 처음으로 반도체 산업에 깊이 있게 접하였습니다 현재 반도체 장비사의 고객지원 업무를 하시기에 제 게 직접 반도체 시황 장비 산업의 미래와 근무 경험담을 들려주셨습니다 특히 근무 경험담은 제가 필드 엔지니어 직무에 관한 관심을 가지는 계기가 되었습니다 덕분에 머릿속 추상적이 었던 직무의 모습은 점점 선명해졌고 어떤 역량이 필요한지를 배웠습니다 우선 반도체 공정에 대한 기반 지식을 얻기 위해 평생교육원에서 진행하는 반도체 공정 과정 와 대학교에서 한 학기간 진행된 반도체 역량개발 프로그램에 참여하여 대 공정 및 반도체 시장 전반에 대해 숙지하였습니다 둘째로 꾸준한 수영과 자전거 타기로 필드 엔지니어에게 필수인 체력을 관리하 고 미국의 본사와 고객사의 징검다리 역할로서 의사소통에 문제가 없게끔 꾸준히 분씩 영어 회화 연습을 해왔습니다 오랜 시간이 걸렸지만 결과적으로 회화 시험에서 목표 성적을 얻었으며 이러한 준비를 바탕으로 직무에 빠르게 적응하겠습니다 헌신의 자세로 기계를 배우 다 어려서부터 컴퓨터 하드웨어에 관심이 많았습니다 점차 다양한 에러를 다룰 줄 알게 되었으며 타인 을 도와 주는 것을 좋아하는 성격을 가진 탓에 이러한 기술을 토대로 지인들의 고장 난 컴퓨터를 자주 수리해 주었습니다 점점 노하우가 쌓여갔으며 더욱 나아가 지인의 컴퓨터 구매 견적서 작성부터 조립 설치 오버홀까지 자발적으로 도 맡아 도와 주었습니다 이러한 일련의 경험을 통해 기기의 문제를 스스로 해결했다는 성취감 타인에게 도움을 주었다는 뿌듯함과 함께 가장 중요 한 사실을 배웠습니다 그것은 바로 장비를 이루는 수많은 부품의 역할과 장비 내에서 이루어지는 전체적인 프로세스를 명확하게 이해하는 것이 하드웨어 관리의 핵심이라는 점입니다 이러한 배움은 기기에 발생한 문제를 정확하게 파악해야 하는 직무인 직무에 자신 있게 지원하는 계기가 되었습니다,유비무환 아버지의 친한 친구이자 제 멘토가 되어 주신 이웃 아저씨를 통해 처음으로 반도체 장비사의 고객지원 업무를 하시며 직접 반도체 시황 장비 산업의 미래와 근무 경험담을 들려주셨다.,"오랜 시간이 걸렸지만 결과적으로 회화 시험에서 목표 성적을 얻었으며 이러한 준비를 바탕으로 직무에 빠르게 적응하겠습니다.
점차 다양한 에러를 다룰 줄 알게 되었으며 타인 을 도와 주는 것을 좋아하는 성격을 가진 탓에 이러한 기술을 토대로 지인들의 고장 난 컴퓨터를 자주 수리해 주었습니다.
이러한 일련의 경험을 통해 기기의 문제를 스스로 해결했다는 성취감 타인에게 도움을 주었다는 뿌듯함과 함께 가장 중요 한 사실을 배웠습니다.
이러한 배움은 기기에 발생한 문제를 정확하게 파악해야 하는 직무인 직무에 자신 있게 지원하는 계기가 되었습니다다."
25,적극적인 피드백의 중요성 대학교 학년 종합 설계라는 과목을 수강하며 겪은 트러블에 대해 말씀드리고자 합니다 학기 초반 기계공학도로서 대미를 장식하기 위해 모인 조원 명 모두는 시작부터 적극적으로 조별 활동에 참여하였습니다 하지만 각자의 의견을 제시하는 순간이 오면 조원 중 한 명은 다른 조원들의 아이디어를 깎아내리는 발언을 직설적으로 내뱉으며 트러블을   발생시켰습니다 점차 팀 내 분위기는 눈에 띄게 굳어갔으며 서로 의견을 내는 데에 있어서 소극적으로 되었습니다 이러한 냉랭한 분위기는 소통이 핵심인 팀 단위 활동에 있어서 매우 치명적이라 판단했고 저는 서둘러 조처를 하고자 했습니다 상황을 타개하기 위해 주의 깊게 살펴본 결과 해당 조원이 악감정을 가지고 내뱉는 말들이 아님을 발견하였습니다 다른 조원들은   기분 나 쁨을 내색만 할 뿐 나서려 하지 않기에 제가 직접 나서서 해당 조원을 따로 불러내었고 해당 학생에게 의견을 표현하는 방법에 있어서 문제가 있음을 기분 나쁘지 않게끔 차근차근히 설명해 주었습니다 해당 학생으로부터 이해하였다는 피드백을 받았으며 그 이후 문제의 태도가 단숨에 바뀌지는 못했지만 부정적인 표현을 할 때마다 제가 끈기 있게 어우러지는 화법 으로 덮어 씌움으로써 중재자 역할을 하며 분위기를 다시 되돌릴 수 있었습니다 더불어 해당 조원 또한 자신이 타인에게 부정적인 말을 툭툭 내뱉는 태도가 문제를 초래한다는 것을 깨닫고 선 화법을 바꾸려는 모습 또한 꾸준히 보여주었습니다 그 결과 학기가 끝날 무렵에는 모두가 화기애애한 분위기로 설계를 끝마칠 수 있었으며 덕분에 만족스러운 성적을 얻어낼 수 있었습 니다 이 사건을 계기로 달갑지 않다는 이유로 상황을 피하기보다는 문제 상황에 직접 마주하여 최선의 해결책을 떠올린 후 신속하게 실행해 위기를 극복해야 한다는 점을 배웠습니다 이렇게 배운 의 사전달 노하우를 바탕으로 팀원끼리의 원만한 의사소통 고객사의 요구사항 충족을 위해 노력할 것입니다,학기 초반 기계공학도로서 대미를 장식하기 위해 모인 조원 명 모두는 각자의 의견을 제시하는 순간이 오면 다른 조원 중 한 명은 다른 조원들의 아이디어를 깎아내리는 발언을 직설적으로 내뱉으며 트러블을 일으켰고 이러한 상황을 타개하기 위해 주의 깊게 살펴본 결과 해당 조원이 악감정을 가지고 내뱉는 말들이 아님을 발견하였다.,"점차 팀 내 분위기는 눈에 띄게 굳어갔으며 서로 의견을 내는 데에 있어서 소극적으로 되었습니다.
이러한 냉랭한 분위기는 소통이 핵심인 팀 단위 활동에 있어서 매우 치명적이라 판단했고 저는 서둘러 조처를 하고자 했습니다.
더불어 해당 조원 또한 자신이 타인에게 부정적인 말을 툭툭 내뱉는 태도가 문제를 초래한다는 것을 깨닫고 선 화법을 바꾸려는 모습 또한 꾸준히 보여주었습니다."
26,제가 생각하는 가장 유사한 직업은 코인 세탁소의 세탁기 관리 기사입니다 코인 세탁소란 가게 주인 없이 손님이 직접 결제하는 무인 시간 무휴 세탁소입니다 우선 세탁기가 밤낮 없이 작동해야 하는 만큼 항시 대기하여 가게 주인 고객 사이 수리를 요청하면 가능한 한 빠르게 처리해야 한다는 주 업무가 직무와 궤를 같이 합니다 둘째 기존의 세탁기 모델뿐만 아니라 새로 운 세탁기 모델이 출시될 때 추가적인 교육을 통해 해당 기종의 설치 혹은 교체 작업을 능숙히 해낼 줄 알아야 하는 점은 과 유사합니다 셋째 세탁기 관리 기사 역시 매뉴얼에 없는 예상치 못한 트러블이 발생하였을 때는 세탁기 모델 연구개발팀과의 유기적 교류를 통해 문제를 해 결합니다 넷째 늘 가게 주인 고객사에게 제품의 최고 성능을 보장하여야 합니다 그렇게  함으로써 고객사로부터 신뢰를 얻을 수 있습니다 이는 추가적인 수주 체결에 직결되는 요소이고 더 나아가 시장 전체에서 신뢰를 얻어 장기적으로는 더 많은 고객을 유치할 수 있으므로 매우 중요합니다 다섯째 직무와 마찬가지로 해 당 세탁기에 대한 노하우를 가지고 정기 점검을 하며 차 후에 발생할 수 있는 각종 사고를 미리 방지한다는 점 역시 중요하다고 생각합니다  마지막으로 무인 점포의 동향을 따라 코인 세탁소 점포 또한 무서운 속도로 성장하고 있는 모습이며 이 역시 반도체 장비 시장과 빼닮았다고 볼 수 있습니다,코인 세탁소의 세탁기 관리 기사는 가게 주인 없이 손님이 직접 결제하는 무인 시간 무휴 세탁소인 만큼 항시 대기하여 가게 주인 고객 사이 수리를 요청하면 가능한 한 빠르게 처리해야 한다는 주 업무가 직무와 궤를 같이 한다.,"우선 세탁기가 밤낮 없이 작동해야 하는 만큼 항시 대기하여 가게 주인 고객 사이 수리를 요청하면 가능한 한 빠르게 처리해야 한다는 주 업무가 직무와 궤를 같이 합니다.
둘째 기존의 세탁기 모델뿐만 아니라 새로 운 세탁기 모델이 출시될 때 추가적인 교육을 통해 해당 기종의 설치 혹은 교체 작업을 능숙히 해낼 줄 알아야 하는 점은 과 유사합니다.
이는 추가적인 수주 체결에 직결되는 요소이고 더 나아가 시장 전체에서 신뢰를 얻어 장기적으로는 더 많은 고객을 유치할 수 있으므로 매우 중요합니다."
27,고객층이 확고한 독보적인 국산 증착 장비 기술을 가진 기업 국내 주력 반도체인 메모리 반도체 제품의 생산 설비는 약 년마다 새로운 장비로 교체가 필요합니다 장비 산업은 이에 때 맞춰서 준비된 기술이 필요하며 유진테크는 의 주력화를 앞둔 시기에 맞추어 를 사에 내세우며 크나큰 성장동력을 얻고 있습니다 아낌없는 기술 개발 재투자를 통해 가능한 일이었으 며 국산 증착 장비 기술을 선도 하는 유진테크의 미래지향적인 모습에 지원을 결심하였습니다 에 적합한 인재 직무는 고객사에서 운용 중인 설비에 발생한 트러블의 원인을 정확하게 파악하여 큰 손실로 이어지기 전에 신속하게 조처를 하는 게 주 업무입니다 또한 고객사와 직접 하여 끝까지 요구사항을 만족시켜 주어야 합니다 이 업무의 최종 목표는 고객사의 생산에 차 질이 없도록 장비의 최고의 성능을 보장하여 두터운 신뢰를 얻어내는 것입니다 이러한 업무에 적합한 제 장점을 보여드리겠습니다 우선 기계학과 학부 연구생으로 활동하면서 밀링 프린터 등 다양한 기계를 다루었습니다 해당 장비들의 유지 관리를 담당하며 직접 가 동해야 했기에 각 기기의 제원과 성능을 정확하게 파악하고 장비의 작동 원리를 숙지하였습니다 그러던 중 트 러블이 생겨 를 받은 적이 다수 있었으며 신속하고 만족스럽게 하드웨어적 조치를 받게 되어 고객사의 마음을 한껏 이해할 수 있었습니다 교육을 통해 배운 반도체 공정과 정 지식 장비에 대한 분석적이고 유연한 태도 역지사지의 마음으로 장비의 훌륭한 가 되어 기여하고 싶습니다,국내 주력 반도체인 메모리 반도체 제품의 생산 설비는 약 년마다 새로운 장비로 교체가 필요하며 장비 산업은 이에 때 맞춰서 준비된 기술이 필요하며 유진테크는 의 주력화를 앞둔 시기에 맞추어 를 사에 내세우며 크나큰 성장동력을 얻고 있다.,"에 적합한 인재 직무는 고객사에서 운용 중인 설비에 발생한 트러블의 원인을 정확하게 파악하여 큰 손실로 이어지기 전에 신속하게 조처를 하는 게 주 업무입니다.
이 업무의 최종 목표는 고객사의 생산에 차 질이 없도록 장비의 최고의 성능을 보장하여 두터운 신뢰를 얻어내는 것입니다.
해당 장비들의 유지 관리를 담당하며 직접 가 동해야 했기에 각 기기의 제원과 성능을 정확하게 파악하고 장비의 작동 원리를 숙지하였습니다."
28,멘토를 통한 직무 체험 아버지의 친한 친구이자 제 멘토가 되어 주신 이웃 아저씨를 통해 처음으로 반도체 산업에 깊이 있게 접하였습니다 현재 반도체 장비사의 고객지원 일을 하시기에 제 게 직접 반도체 시황 장비 산업의 미래와 근무 경험담을 들려주셨습니다 특히 근무 경험담은 제가 필드 엔지니어 직무에 대한 관심을 가지는 계기가 되었습니다 덕분에 머릿속 추상적 이었던 직무의 모습은 점점 선명해졌고 어떤 역량이 필요한지를 배웠습니다 우선 대학교에서 한 학기 간 진행되는 반도체 역량개발 수업을 수강하여 대 공정 및 반도체 장비 시장 전반에 대해 숙지하였습니다 뉴스를 통해 반도체와 장비 시장의 이슈를 늘 접하고 수영과 자전거 타기로 기본적인 체력 유지에 신경 쓰고 있습니다 핵심을 내다 보는 안목 대학교 설계 과목에 서는 그간 배운 전공 지식 활용 협력 역시 중요하지만 문제 상황 파악이 핵심임을 깨달았습니다 담당 교수님의 설계 니즈를 정확히 파악한 후 이를 팀에 전달해 작업하였을 때 만족스러운 성과를 얻어냈기 때문입니다 이러한 안목으로 모든 팀 단위 설계 과목 개에서 라는 좋은 성적을 얻어낼 수 있었으며 같은 노력으로 현장에서도 고객사의 니즈를 보다 정확하게 파악하여  조치할 것입니다 더불어 유체역학 열역학 등의 역학 과목을 수강하여 기계공학에 대한 이 해도를 높이며 공학적 사고를 기르기 위해 노력했습니다 그 결과 전공 평점 을 기록하여 목표 점수인 을 넘기는 데 성공하였으며 이렇게 키운 전공 역량을 필두로 장비를 이해하며 끊임없이 배워나가는 엔지니어가 되겠습니다,아버지의 친한 친구이자 제 멘토가 되어 주신 이웃 아저씨를 통해 처음으로 반도체 시황 장비 산업의 미래와 근무 경험담을 듣고 필드 엔지니어 직무에 대한 관심을 가지는 계기가 되었다.,"우선 대학교에서 한 학기 간 진행되는 반도체 역량개발 수업을 수강하여 대 공정 및 반도체 장비 시장 전반에 대해 숙지하였습니다.
담당 교수님의 설계 니즈를 정확히 파악한 후 이를 팀에 전달해 작업하였을 때 만족스러운 성과를 얻어냈기 때문입니다.
이러한 안목으로 모든 팀 단위 설계 과목 개에서 라는 좋은 성적을 얻어낼 수 있었으며 같은 노력으로 현장에서도 고객사의 니즈를 보다."
29,서로 끌어주고 밀어주는 국토대장정 고등학생 시절 학업 탓에 하지 못했던 일들을 빼곡히 적어둔 버킷 리스트가 있었으며 그 첫 줄에는 국토대장정이 적혀 있었습니다 스무 살 새내기였던 년 여름 같은 뜻을 가진 다른 학과 학생 명과 팀을 이루고 여정을 시작하게 되었습니다 알고 보니 형 누나들뿐이었고 가장 어렸던 저는 완주의 다짐을 내비쳤습니다 학창 시절 내내 태 권도를 다녔으며 당시에도 꾸준히 운동했었기에 체력만큼은 자신감을 가지고 포항에서 출발하였습니다 당장이라도 계획된 를 내 달릴 수 있을 것만 같은 의지를 불태웠으나 마음과는 다르게 점점 몸에 이상 신호가 나타났으며 일일 행진의 나흘 차에는 올바른 자세로 걷기 힘든 지경에 이르렀습니다 요컨대 체력 문제가 아닌 무릎 통증과 발바닥의 물집이 주원인이었습니다 걸 음걸이에 문제가 있다는 피드백을 받고 선 이후로 더 고통스럽더라도 정 자세를 위해 꾸준히 신경 쓰며 걸었습니다 또한 발바닥을 심장보다 높인 후 잠을 잤더니 무릎 통증과 물집이 호전되어 결과적으로 동료의 가방을 대신 들어 주기까지 하며 함께 완주할 수 있었습니다 여정 도중 난관에 부딪혔으나 서로의 도움으로 무사히 를 완주하였습니다 앞으로의 어려운 일들도 주변  사람들과 함께 하면 이겨낼 수 있다는 자신감을 얻은 값진 경험이었습니다 이에 더불어 언제든지 신체에 예상치 못한 문제가 발생할 수 있음을 배웠고 이후로 예방을 중점적으로 건강관리를 철저히 하게 되었습니다 이 경험을 양분 삼아 증착 장비뿐만 아니라 본인의 건강과 정신 또한 최상의 컨디션을 유지하겠습니다,학창 시절 내내 태 권도를 다녔고 당시에도 꾸준히 운동했었기에 체력만큼은 자신감을 가지고 포항에서 출발한 국토대장정 고등학생 시절 학업 탓에 하지 못했던 일들을 빼곡히 적어둔 버킷 리스트가 있었으며 그 첫 줄에는 스무 살 새내기였던 년 여름 같은 뜻을 가진 다른 학과 학생 명과 팀을 이루고 여정을 시작하게 되었다.,"요컨대 체력 문제가 아닌 무릎 통증과 발바닥의 물집이 주원인이었습니다.
걸 음걸이에 문제가 있다는 피드백을 받고 선 이후로 더 고통스럽더라도 정 자세를 위해 꾸준히 신경 쓰며 걸었습니다.
높인 후 잠을 잤더니 무릎 통증과 물집이 호전되어 결과적으로 동료의 가방을 대신 들어 주기까지 하며 함께 완주할 수 있었습니다."
30,장점 긍정적인 마음가짐과 주인의식 힘든 상황이 닥쳐와도 긍정적인 마음가짐과 함께 당장 할 수 있는 최선의 방법을 생각해내고 침착하게 실행합니다 이는 일 상생활에서도 스트레스를 적게 받는 데 큰 도움을 줍니다 이것 또한 지나 가리라라는 글귀를 늘 떠올리며 어떤 힘든 상황에 부닥쳤을 때 싫은 티를 내던 주변 사람과는 다르게 별다른 스트레스를 받지 않고 상황 을 타개해 나가 곤 했습니다 이러한 장점으로 수많은 트러블이 발생하는 파운드리 현장에서 과도한 스트레스를 받지 않으며 건강한 정신으로 고객사에 응대하고 매뉴얼에 따라 무사히 업무를 수행할 것입니다 주인의식은 내세우고 싶은 또 다른 장점 중 하나 입니다 일단 조직에 소속되고 나면 주어진 일에 몰입하고 언제든 생각하며 끝까지 책임집니다 이를 테면 팀 프로젝트에 서 중추적인 역할을 도 맡은 저는 만족스러운 결과가 나올 때까지 끈기 있게 붙잡아 결과 물을 도 출해냈습니다 이러한 책임감으로 담당 에서 고객 대응에 책임을 다 할 것입니다 단점 무리한 계획 세우기 의욕만 앞선 탓에 짧은 기간 동안 많은 목표를 달성하는 계획을 세우곤 합니다 그럴 때마다 무엇을 먼저 실행해야 할지 갈피를 잡지 못한 탓에 목표들을 달성하는 경우 는 드물었고 대부분은 실패했습니다 스스로 계획한 걸 지키지 못했다는 아쉬움은 물론이고 자존감까지 바닥을 치는 기분을 느꼈습니다 이러한 부정 경험을 여러 차례 겪은 후 해결 방안을 모색하기 시작했습니다 앞으로도 여러 목표를 동시에 이뤄내야 하는 상황이 오면 우선순위를 정하여 차근차근 수행하는 방법으로 단점을 고쳐 나가는 중입니다,파운드리 현장에서 과도한 스트레스를 받지 않으며 건강한 정신으로 고객사에 응대하고 매뉴얼에 따라 업무를 수행할 것입니다,"이러한 장점으로 수많은 트러블이 발생하는 파운드리 현장에서 과도한 스트레스를 받지 않으며 건강한 정신으로 고객사에 응대하고 매뉴얼에 따라 무사히 업무를 수행할 것입니다.
이러한 책임감으로 담당 에서 고객 대응에 책임을 다.
단점 무리한 계획 세우기 의욕만 앞선 탓에 짧은 기간 동안 많은 목표를 달성하는 계획을 세우곤 합니다.
앞으로도 여러 목표를 동시에 이뤄내야 하는 상황이 오면 우선순위를 정하여 차근차근 수행하는 방법으로 단점을 고쳐 나가는 중입니다다."
31,서 연그룹의 핵심 계열사인 서연이화는 국내 완성차 고객사와의 거래를 위주로 사업을 진행해 왔으며 해외시장 역시 개척하기 위한 전략을 실행하는 중입니다 자동차 부품 국산화가 많이 진행되는 만큼 국내 부품 업체에 관심을 뒀고 특히 관심 있게 찾아봤던 내외장 부품을 주력으로 하는 기업인 서 연그룹에 지원하게 되었습니다 또한 지난해 말 도심 항공모 빌리티 시장이 커지 는 데 발맞춰 관련 사업 진출을 검토한 이후 빠르게 특화 인테리어 부품 연구개발을 시작했습니다 이러한 미래지향적인 모습에 앞으로의 행보가 기대되는 기업입니다 서 연이화에 지원하기 위해 학부생으로서 할 수 있는 노력을 해왔습니다 우선 자동차 부품 시장에 꾸준히 관심을 두며 본업인 공부에 성실하게 임했습니다 여러 전공과목을 수강하고 전공 평점 점을 기록하 여 목표 점수인 점 이상을 달성했습니다 특히 사람들과의 교류가 중요한 팀 프로젝트 과목에서 긍정적인 소통 타인의 의견을 적극적으로 받아들이는 피드백 수용성을 바탕으로 모든 설계 과목 개에서 좋은 성적을 기록했습니다 앞으로도 맡은 일을 정확히 파악하여 주어진 일에 성실히 임할 것입니다,서연그룹의 핵심 계열사인 서연이화는 자동차 부품 국산화가 많이 진행되는 만큼 국내 부품 업체에 관심을 뒀고 특히 관심 있게 찾아봤던 내외장 부품을 주력으로 하는 기업인 서 연그룹에 지원하게 되었다.,
32,고등학교 학년까지 년간 꾸준히 배운 태권 도입니다 사회성을 기른 태권도 장 문화 현실적인 조언을 해주신 관장님 자신의 한계에 부딪힐 기회가 되어 준 힘든 운동들까지 모두 하나같이 제 게 좋은 영향을 끼친 소중한 경험들입니다 당시 저는 태권도 사범과 관장을 목표로 예체능 진로를 준비했으며 관장님께 많은 것을 배웠습니다 그 중 가장 인상 깊었던 가르침을 말씀드리 고자 합니다 교육자로서의 태도를 지녀야 한 다 태권도 교육자는 자신이 전공한 분야에 대한 올바른 지식 전달과 사회에서 추구하는 인 격 형성을 위한 도우미입니다 특히 태권도를 가르친다는 것은 그저 아이들과 뛰어 노는 것이 아니라 태권도의 주된 목적인 원생들의 인성 함양을 고려해 늘 언행에 모범이 되어야 한다는 뜻이었습니다 비록 당시의 꿈은 추억이 되었지만 성인이 된  지금까지도 타의 모범이 되어야 한다는 생각은 버릇이 되어 늘 신경을 쓰며 행동합니다 이렇게 솔선수범하여 행동한 덕분에 주변의 다양한 사람들과 친해질 기회가 있었고 돈 독한 인간관계를 형성할 수 있었습니다 이러한 올바른 사회성을 지니고 앞으로 만나게 될 인연들을 소중히 생각하며 가꾸어 나갈 것입니다,태권도 사범과 관장을 목표로 예체능 진로를 준비했으며 관장님께 많은 것을 배웠고 그 중 가장 인상 깊었던 가르침을 말씀드리 고자 한다.,"사회성을 기른 태권도 장 문화 현실적인 조언을 해주신 관장님 자신의 한계에 부딪힐 기회가 되어 준 힘든 운동들까지 모두 하나같이 제 게 좋은 영향을 끼친 소중한 경험들입니다.
태권도 교육자는 자신이 전공한 분야에 대한 올바른 지식 전달과 사회에서 추구하는 인 격 형성을 위한 도우미입니다.
이러한 올바른 사회성을 지니고 앞으로 만나게 될 인연들을 소중히 생각하며 가꾸어 나갈 것입니다다."
33,논문에 도전하다 대학교 학년 때 약 년 간의 학부 연구생 생활이 끝나갈 무렵 학술대회에 나가서 논문을 발표할 기회가 있었습니다 처음 작성해보는 논문이었으나 다음과 같은 노력으로 무사히 마칠 수 있었습니다 스스로 찾아보는 열정 수많은 논문 자료집을 꼼꼼히 살펴보며 논문의 구조적인 부분을 많이 참고했습니다 표지와 목차 구성부터 포함해야 하는 항목들이 무엇 인지 논문답게 작문하는 방법까지도 따라 배웠습니다 의지를 갖추고 찾아본 결과 논문에 걸 맞는 모습을 완성할 수 있었습니다 적극 질문하는 자세 열심히 작성하겠다는 의지를 내 비치자 교수님께서도 제 질문에 흔쾌히 많은 피드백을 주셨습니다 주제를 선정한 후 라는 해석 프로그램의 각종 오류를 해결할 때는 선배들의 도움을 구했습니다 이처럼 모르는 것을 적극 질문 하는 자세가 많은 도움이 되었습니다 비록 수상하지는 못했으나 논문 작성에 처음으로 도 전하면서 많은 점을 배웠습니다 새로운 업무와 지식을 습득할 때는 능동적으로 찾아 나서는 열정 어린 자세가 가장 중요하다는 사실을 몸소 느꼈습니다 이와 같은 배우는 자세로 주어진 일이 생소하더라도 탈 없이 해내겠습니다,대학교 학년 때 약 년 간의 학부 연구생 생활이 끝나갈 무렵 학술대회에 나가서 논문을 발표할 기회가 있었으며 표지와 목차 구성부터 포함해야 하는 항목들이 무엇 인지 논문답게 작문하는 방법까지도 따라 배웠고 적극 질문하는 자세 열심히 작성하겠다는 의지를 내 비치자 교수님께서도 제 질문에 흔쾌히 많은 피드백을 주셨다.,"표지와 목차 구성부터 포함해야 하는 항목들이 무엇 인지 논문답게 작문하는 방법까지도 따라 배웠습니다.
의지를 갖추고 찾아본 결과 논문에 걸 맞는 모습을 완성할 수 있었습니다.
비록 수상하지는 못했으나 논문 작성에 처음으로 도 전하면서 많은 점을 배웠습니다."
34,장점 항상 타인의 장점을 찾아보며 본받고 싶어 합니다 누군가의 빼어난 능력을 우러러보며 따라 배우 고 싶어 합니다 이를 테면 영상 속 수영하는 모습에 반해 작년 월부터 지난 달까지 꾸준히 동네 수영장을 다녔으며 독학으로 한 달 만에 자유형으로 레일을 완주하는 데 성공했습니다 목표 달성 후 느끼는 성취감을 동력 삼아 능력 계발을 이어 나가며 조직에 도움이 되겠습 니다 성격에서도 그렇습니다 공감 능력이 좋은 친구 사 교성이 좋은 형 책임감이 투철 한 누나 등 각자의 장점을 발견하고 저 또한 이들을 닮기 위해 애쓰곤 합니다 덕분에 원체 표현할 줄 몰라 무뚝뚝하던 어린 시절에 비하면 저 자신이 사회성 좋은 방향으로 완전히 달라진 모습을 하고 있음을 새삼 깨닫습니다 단점 타인의 장점을 찾다 보면 단점 또한 자연스레 눈에 밟 힙니다 이는 첫 인상만 가지고 좋지 않은 편견을 가지는 실수로 이어지기도 했습니다 하지만 반성을 거듭 한 결과 그 사람의 내면을 발견하기 위해 노력하며 타인의 단점을 흉 보기보다는 자신을 되돌아보는 계기로 삼게 되었습니다 앞으로도 정작 나는 부족하진 않은 가 라는 식의 성찰을 통해 경솔함을 극복하겠습니다,단점 타인의 장점을 찾다 보면 단점도 자연스레 눈에 밟힙니다,"장점 항상 타인의 장점을 찾아보며 본받고 싶어 합니다.
공감 능력이 좋은 친구 사 교성이 좋은 형 책임감이 투철 한 누나 등 각자의 장점을 발견하고 저 또한 이들을 닮기 위해 애쓰곤 합니다.
단점 타인의 장점을 찾다."
35,산업의 밝은 전망과 미래지향적인 기업 최근 반도체 공정이 미세화되고 차 산업혁명 시대를 맞아 세계적으로 반도체 수요가 증가함에 따라 반도체 장비 수요 또한 급격하게 증가할 것으로 판단하였습니다 반도체 분야에서 국산화가 많이 진행되는 만큼 국내 장비 업체에 관심이 있었고 특히 관심을 두고 공부했던 증착 공정을 주력으로 하는 기업인 를 알게 되었습니다 지 난달 를 통과 한 의 파운드리 호환 장비가 사의 신규 파운드리에 진입해 매출 비중을 높일 전망이며 또한 올해 안에 또 다른 주력 장비인 또한 파운드리용으로 개발하는 방안을 추진하는 등 연구개발 비용을 아끼지 않는 미래지향적인 모습에 지원을 결심하였습니다 입사 후 저만의 장비 매뉴얼을 만들겠습니다 교내 연구실에서 약 년간 인턴으로 활동하며 다양한 기 계 장비를 관리했습니다 계측 및 실습 수업에 필요한 장비들을 수업 전에 미리 작동해보고 이상 유무를 파악하는 일을 하던 어느 날 소형 축 밀링머신의 매뉴얼이 없다는 것을 발견했습니다 전임자와의 연락이 닿지 않았으며 연식이 있어서인지 제조사 홈페이지는 사라져 설명서를 찾을 수 없었습니다 하지만 담당 교수님의 도움과 인터넷 검색을 통해 타 밀링머신과의 유사점 을 찾아가며 안전에 유의하면서 천천히 조작법을 하나씩 익혀갔습니다 무사히 기본적인 조작법을 익 힐 수 있었고 실습시간에 별다른 문제 없이 시범을 보일 수 있었습니다 이러한 어려움을 겪고 나서 미래의 후임자뿐만 아니라 장비를 사용하고 싶어 하는 공학도들을 위해 안전 주의사항과 각 레버 버튼 조작법을 정리한 매뉴얼을 작성해 문서로 만들어 두었습니다 매뉴얼을 완성 했을 때의 뿌듯함은 이루 말할 수 없었으며 에 입사 후에도 수많은 에러를 고치며 노하우를 쌓아서 담당 장비에 대한 매뉴얼을 제작하여 갈피를 잡지 못하는 신입 사원들에게 훌륭한 지침서가 되어주고 싶습니다,지 난달 를 통과 한 의 파운드리 호환 장비가 사의 신규 파운드리에 진입해 매출 비중을 높일 전망이며 올해 안에 또 다른 주력 장비인 또한 파운드리용으로 개발하는 방안을 추진하는 등 연구개발 비용을 아끼지 않는 미래지향적인 모습에 지원을 결심했다.,"지 난달 를 통과 한 의 파운드리 호환 장비가 사의 신규 파운드리에 진입해 매출 비중을 높일 전망이며 또한 올해 안에 또 다른 주력 장비인 또한 파운드리용으로 개발하는 방안을 추진하는 등 연구개발 비용을 아끼지 않는 미래지향적인 모습에 지원을 결심하였습니다.
무사히 기본적인 조작법을 익 힐 수 있었고 실습시간에 별다른 문제 없이 시범을 보일 수 있었습니다.
이러한 어려움을 겪고 나서 미래의 후임자뿐만 아니라 장비를 사용하고 싶어 하는 공학도들을 위해 안전 주의사항과 각 레버 버튼 조작법을 정리한 매뉴얼을 작성해 문서로 만들어 두었습니다."
36,헌신의 자세로 배운 기계 지인을 도와 주고 나서 듣는 덕분이었다라는 말 한마디에 크나큰 보람을 느낍니다 그렇기에 어려서부터 컴퓨터에 관심이 많았던 저는 주변에서 도움을 요청할 때마다 달려가서 컴퓨터 견적서 작성부터 설치 사후 관리까지 도 맡아 도와 주곤 했습니다 이러다 보니 날이 갈수록 컴퓨터 하드웨어에 대한 지식과 노하우가 쌓여갔습니다 컴퓨터를 이루는 각  부품이 어떤 역할을 하는지와 컴퓨터의 전체적인 작동 과정을 알아가는 과정이 즐거웠고 직접 찾아가서 지인의 컴퓨터 트러블을 해결해줄 때면 느끼는 뿌듯함이 저의 가장 큰 동력이었습니다 컴퓨터 뿐만이 아니라 카세트 테이프 리모컨 등 생활 속 기기들을 바라보는 시선은 또래들보다 조금 더 분석적이었습니다 이러한 관심은 계속 이어져 기계공학과 전공을 선택하는 계기 가 되었습니다 함께 살아가는 세상 초중고등학교 시절 년간 꾸준히 다녀온 태권도장에서 건전한 공동체 의식과 사회성을 배웠습니다 구체적으로는 서로에 대한 신뢰를 중요시하여 깨지지 않도록 하는 정직한 언행 남의 말에 경청하거나 상대방의 의사를 존중하는 방법 등 인간관계에 있어서 기본이 되는 것들을 어려서부터 배웠습니다 또한 타인의 장점을 시기하기보다는 배워야  할 점으로 삼으며 닮고자 노력해왔습니다 예를 들자면 언젠가 제 감정에 공감을 잘해주는 친구 덕분에 기분이 한껏 좋았던 적이 있었습니다 이 친구를 계기로 돌이켜 본 저 자신은 정작 공감 능력이 그리 좋지 않다는 것을 깨달았고 그 친구의 공감해주는 자세를 따라 배운 적이 있습니다 덕분에 주변의 다양한 사람들과 친해질 기회가 있었고 서로 존중하는 원만한 인간관 계를 형성할 수 있었습니다 이러한 올바른 사회성을 지니고 앞으로 만나게 될 인연들을 소중히 생각하며 가꾸어 나갈 것입니다,초중고등학교 시절 태권도장에서 건전한 공동체 의식과 사회성을 배웠고 앞으로 만나게 될 인연들을 소중히 생각하며 가꾸어 나갈 예정이다.,"컴퓨터 뿐만이 아니라 카세트 테이프 리모컨 등 생활 속 기기들을 바라보는 시선은 또래들보다.
구체적으로는 서로에 대한 신뢰를 중요시하여 깨지지 않도록 하는 정직한 언행 남의 말에 경청하거나 상대방의 의사를 존중하는 방법 등 인간관계에 있어서 기본이 되는 것들을 어려서부터 배웠습니다.
덕분에 주변의 다양한 사람들과 친해질 기회가 있었고 서로 존중하는 원만한 인간관 계를 형성할 수 있었습니다.
이러한 올바른 사회성을 지니고 앞으로 만나게 될 인연들을 소중히 생각하며 가꾸어 나갈 것입니다다."
37,한 걸음 더 선진 병영으로 년도 군 복무 중 겪은 감시 근무에 관한 경험을 말씀드리겠습니다 이 근무는 상에 보이는 작은 움직임까지도 빠짐없이 펜을 이용해 수기 해야 하는 근무였습니다 이 때문에 근무 기록부는 빠르게 쌓여서 두꺼워졌고 한 달 만에 기록부만으로 책장 한쪽을 꽉 채우기에 이르렀습니다 때로는 과도 한 필기량이 근무에 차질을 빚기도 했으며 차 후  문제가 생겼을 때 이전의 기록을 찾아보기도 힘들었습니다 저는 당시 근무자 중 선임병으로서 주기적으로 진행되는 간부와의 소통 시간에 한 가지 건의했습니다 그 내용인 즉 주로 홈페이지 제작에 사용되는 이라는 언어를 개인정비 시간에 공부한 후 간단한 근무 기록 웹사이트를 직접 제작하겠다는 것이었습니다 곧이어 웹사이트 제작을 건의하게 된 배경 이에 따라 기대되 는 이 점들 군 보안상의 문제 유무 등을 정리한 보고서를 양식에 맞추어 정리해 제출했습니다 결과적으로 건의가 통과되었고 짧지만 남은 군 생활 동안 을 공부하며 용지 장 크기의 간단한 근무기록 페이지를 만들 수 있었습니다 이후로는 손 글씨 대신 키보드로 특이사항을 적을 수 있었기에 근무 효율이 올라갔으며 손 글씨와 비교하면 약 배 더 많은 내용이 용지 한 장에  들어가 미관상 뿐만 아니라 공간 절약에도 효과적이었습니다 또한 필요할 때 기능을 통해 이 전 기록을 찾기 쉬워졌으며 유사 시 필요한 부분을 인쇄해 참고자료로 활용하기도 했습니다 이 경험을 통해 하나의 문제점을 다양한 관점으로 바라보는 태도가 좋은 결과를 가져올 수 있다는 점을 직접 느꼈습니다 앞으로도 공정 중 발생하는 장비의 트러블에 대해 유연하고 능동 적으로 대처할 것입니다,군 복무 중 감시 근무는 상에 보이는 작은 움직임까지도 빠짐없이 펜을 이용해 수기 해야 하는 근무였으며 이 때문에 근무 기록부는 빠르게 쌓여서 두꺼워졌고 한 달 만에 기록부만으로 책장 한쪽을 꽉 채우기에 이르렀으며 이후로는 손 글씨 대신 키보드로 특이사항을 적을 수 있었으며 손 글씨 대신 키보드로 특이사항을 적을 수 있었으며 손 글씨와 비교하면 약 배 더 많은 내용이 용지 한 장에  들어가 미관상 뿐만 아니라 공간 절약에도 효과적이었다.,"한 걸음 더 선진 병영으로 년도 군 복무 중 겪은 감시 근무에 관한 경험을 말씀드리겠습니다.
때로는 과도 한 필기량이 근무에 차질을 빚기도 했으며 차 후  문제가 생겼을 때 이전의 기록을 찾아보기도 힘들었습니다.
그 내용인 즉 주로 홈페이지 제작에 사용되는 이라는 언어를 개인정비 시간에 공부한 후 간단한 근무 기록 웹사이트를 직접 제작하겠다는 것이었습니다."
38,학술대회에서 미니 논문 을 발표하다 교내 연구실에서 인턴 활동을 할 때의 일이었습니다 년간의 인턴 생활이 끝나갈 무렵 담당 교수님께서 다가 오는 년 겨울에 열릴 관련 학술대회에서 논문을 발표하고 싶은 사람이 있는지 물으셨고 이에 저는 논문 발표를 결심하였습니다 하지만 논문을 작성하겠다는 다짐과는 다르게 그 시작은 막연함 그 자체였습니다 논문에 대한  지식이 전혀 없었기 때문입니다 논문에 어떤 주제를 내세워야 할지 논문의 내용 구성은 어떠한 지 등 아무것도 알지 못하기에 저는 다음과 같은 노력을 했습니다 꾸준히 질문하기 열심히 써보겠다는 의지를 내 비치자 교수님께서도 제 질문에 흔쾌히 많은 조언을 해주셨습니다 어떤 주제가 학부생 수준에 맞는지 직접 생각해온 주제들은 부적합한지 등 여러 피드백을 주셨습니다  주제를 정한 후에도 라는 을 활용하다 발생한 오류를 해결할 때도 큰 도움을 주셨습니다 모르는 것을 적극 질문하는 자세가 많은 도움이 되었습니다 스스로 찾아보기 수많은 논문 자료집 연구실 석사 선배가 썼던 논문까지도 꼼꼼히 살펴보며 논문의 구조적인 부분을 많이 참고했습니다 목차는 어떻게 구성되는지부터 필수적으로 포함해야 하는 항목들이 무엇인지 논문답게  작문하는 방법까지도 따라 배웠습니다 논문의 완성도를 높이고자 하는 의지를 갖추고 찾아본 결과 만족스러운 논문 구성을 완성할 수 있었습니다 한 달 동안의 우여곡절을 넘기고 무사히 논문을 학술대회에 투고하여 발표까지 끝마쳤습니다 비록 수상하지 못했으나 논문 작성에 처음으로 도 전하면서 많은 점을 배웠습니다 새로운 기술과 지식을 배울 때는 스스로 찾아 나서는  적극적인 자세가 가장 중요하다는 사실을 몸소 느꼈습니다 이러한 태도를 지닌 채로 미래에 접하게 될 생소한 장비 기술들을 거부감 없이 습득하여 문제 없이 트러블 슈팅을 해내겠습니다,학술대회에서 미니 논문 을 발표하다 교내 연구실에서 인턴 활동을 할 때 담당 교수님께서 다가 오는 년 겨울에 열릴 관련 학술대회에서 논문을 발표하고 싶은 사람이 있는지 물으셨고 이에 저는 막연함 그 자체였으며 그 시작은 막연함 그 자체였다.,"년간의 인턴 생활이 끝나갈 무렵 담당 교수님께서 다가 오는 년 겨울에 열릴 관련 학술대회에서 논문을 발표하고 싶은 사람이 있는지 물으셨고 이에 저는 논문 발표를 결심하였습니다.
논문에 어떤 주제를 내세워야 할지 논문의 내용 구성은 어떠한 지 등 아무것도 알지 못하기에 저는 다음과 같은 노력을 했습니다.
스스로 찾아보기 수많은 논문 자료집 연구실 석사 선배가 썼던 논문까지도 꼼꼼히 살펴보며 논문의 구조적인 부분을 많이 참고했습니다.
논문의 완성도를 높이고자 하는 의지를 갖추고 찾아본 결과 만족스러운 논문 구성을 완성할 수 있었습니다.
새로운 기술과 지식을 배울 때는 스스로 찾아 나서는  적극적인 자세가 가장 중요하다는 사실을 몸소 느꼈습니다."
39,설비 에 적합한 인재 앞서 말씀드렸듯이 교내 연구실 인턴으로 활동하면서 프린터 밀링 머신 등 다양한 기계를 다루었습니다 해당 장비들의 유지 관리를 담당하며 필요할 때 직접 가 동해야 했기에 각 기기의 제원과 성능을 정확하게 파악하고 장비의 작동 원리를 숙지하였습니다 전담하는 장비를 공부하는 일련의 과정이 흥미로웠고 습득한 지식을 바탕으로 기계에 발생한 오 류를 해결할 때면 작지 않은 보람을 느꼈습니다 언젠가 장비에 치명적인 문제가 생겨 제조사에 를 요청하기도 하였으며 신속하고 만족스러운 하드웨어적 조치를 받게 되어 고객사의 마음을 한껏 이해할 수 있었습니다 교내 반도체 수업을 통해 배운 공정과 정 지식 장비에 대한 분석적이고 유연한 태도 역지사지의 마음으로 훌륭한 엔지니어가 되겠습니다 더불어 유체역학 열 역학 등의 역학 과목을 수강하여 기계공학에 대한 이 해도를 높이며 공학적 사고를 기르기 위해 노력했습니다 주어진 일에 성실히 임한 결과 전공과목 평균 을 기록하여 목표 점수인 을 넘기는 데 성공하였으며 이렇게 키운 전공 역량과 성실함을 필두로 증착 장비를 이해하며 고 장 수리를 하겠습니다 살갗을 맞대며 사람들과 소통하는 것을 좋아합니다 같은 이유로 개인이 경쟁 하며 나란히 등수를 매기는 다른 대학 강의들보다도 조원과 함께 정진하며 공동의 목표를 달성하기 위해 협력하는 팀 단위 활동을 더 선호합니다 협업을 이끄는 제 가장 큰 장점 두 가지는 바로 밝게 웃으며 건네는 인사로 시작하여 건강한 분위기를 이어나가는 언행과 적극 팀원의 의견을 받아들이는 피드백 수용성입니다 이를 바탕으로 모든 팀 프로젝트 과목에서 좋은  성적을 받았습니다 앞으로도 협동 친화적인 역량을 발휘해 동료에게 긍정 에너지를 나누어주며 함께 맡은 일을 완수하겠습니다 또한 건강한 마음으로 고객 응대에 온 힘을 다 할 것입니다,교내 연구실 인턴으로 활동하면서 각 기기의 제원과 성능을 정확하게 파악하고 장비의 작동 원리를 숙지하였고 전담하는 장비를 공부하는 일련의 과정이 흥미로웠고 습득한 지식을 바탕으로 기계에 발생한 오 류를 해결할 때면 작지 않은 보람을 느꼈다.,"전담하는 장비를 공부하는 일련의 과정이 흥미로웠고 습득한 지식을 바탕으로 기계에 발생한 오 류를 해결할 때면 작지 않은 보람을 느꼈습니다.
교내 반도체 수업을 통해 배운 공정과 정 지식 장비에 대한 분석적이고 유연한 태도 역지사지의 마음으로 훌륭한 엔지니어가 되겠습니다.
이를 바탕으로 모든 팀 프로젝트 과목에서 좋은  성적을 받았습니다.
또한 건강한 마음으로 고객 응대에 온 힘을 다."
40,태권도장에서 배운 사회 성 학창 시절 년간 꾸준히 태권도를 다니며 많은 것을 배웠습니다 사회성을 길러준 태권도 장 문화 현실적인 조언을 해주신 관장님 자신의 한계에 부딪힐 기회가 되어 준 힘겨운 운동들까지 모두 하나같이 제 게 좋은 영향을 끼친 소중한 경험들입니다 당시 저는 태권도 사범과 관장을 목표로 예체능 진로를 준비했으며 관장님께 많은 것을 배웠습니다 그  중 가장 인상 깊었던 가르침을 말씀드리고자 합니다 제게 교육자로서의 태도를 지녀야 한다라는 말씀을 해주셨습니다 태권도 교육자는 자신이 전공한 분야에 대한 올바른 지식 전달과 사회에서 추구하는 인 격 형성을 위한 도우미입니다 특히 태권도를 가르친다는 것은 그저 아이들과 뛰어 노는 것이 아니라 태권도의 주된 목적인 원생들의 인성 함양을 고려해 늘 언행에 모범이 되 어야 한다는 뜻이었습니다 비록 당시의 꿈은 추억이 되었지만 성인이 된 지금까지도 타의 모범이 되어야 한다는 생각은 버릇이 되어 늘 신경을 쓰며 행동합니다 이렇게 솔선수범하여 행동한 덕분에 주변의 다양한 사람들과 친해질 기회가 있었고 돈 독한 인간관계를 형성할 수 있었습니다 이러한 올바른 사회성을 지니고 앞으로 만나게 될 인연들을 소중히 생각하며 가꾸어 나 갈 것입니다 건강한 육체에 깃든 건강한 정신 저는 주변으로부터 성격이 밝다 긍정적이다 라는 말을 자주 듣습니다 이는 제 선천적인 성격이기도 하지만 어려서부터 해온 노력이기도 합니다 늘 의식적으로 긍정적으로 사고하고 행동하는 노력을 해왔습니다 이는 제가 사람들과 잘 어울리고 어려운 일을 겪을 때 잘 헤쳐 나갈 수 있는 원동력이 되고 있습니다 이러한 밝은 마 음가짐은 삶의 질 또한 올려줍니다 특히 운동과 더불어 긍정력은 스트레스를 관리하는데 있어서 효과적입니다 모두가 힘든 상황에 처했을 때 투덜대던 주변 사람들과는 다르게 이 또한 지나 가리라라는 등의 격려의 말을 웃으며 건 내는 등 주변에 긍정적인 에너지를 나눠주면서 다 같이 탈 없이 이겨냈습니다 자라며 배워온 소중한 역량들을 발판 삼아 앞으로도 조직에 이러한 선한  영향력을 끼치고 싶습니다,태권도 사범과 관장을 목표로 예체능 진로를 준비했으며 관장님께 많은 것을 배웠고 태권도 교육자는 자신이 전공한 분야에 대한 올바른 지식 전달과 사회에서 추구하는 인 격 형성을 위한 도우미이다.,"사회성을 길러준 태권도 장 문화 현실적인 조언을 해주신 관장님 자신의 한계에 부딪힐 기회가 되어 준 힘겨운 운동들까지 모두 하나같이 제 게 좋은 영향을 끼친 소중한 경험들입니다.
당시 저는 태권도 사범과 관장을 목표로 예체능 진로를 준비했으며 관장님께 많은 것을 배웠습니다.
그  중 가장 인상 깊었던 가르침을 말씀드리고자 합니다.
특히 태권도를 가르친다는 것은 그저 아이들과 뛰어 노는 것이 아니라 태권도의 주된 목적인 원생들의 인성 함양을 고려해 늘 언행에 모범이 되 어야 한다는 뜻이었습니다.
이러한 올바른 사회성을 지니고 앞으로 만나게 될 인연들을 소중히 생각하며 가꾸어 나 갈 것입니다.
이는 제 선천적인 성격이기도 하지만 어려서부터 해온 노력이기도 합니다."
41,장점 항상 타인의 장점을 찾아보며 본받고 싶어 합니다 누군가의 빼어난 능력을 우러러보며 따라 배우 고 싶어 합니다 시기와 질투가 아닌 순수히 우상으로 여겨 배우 고 싶은 마음이 들 곤 합니다 이를 테면 작년 월에 우연히 본 영상 속 수영하는 모습에 반해 꾸준히 수영장을 다니기 시작했으며 독학으로 한 달 만에 자유형으로 레일을 완주하는 데 성공했습니다 목표 달성  후 느끼는 성취감을 동력 삼아 설계 능력 등을 계발해 나가며 스마트 팩토리 구현에 도움이 되겠습니다 성격에서도 그렇습니다 공감 능력이 좋은 친구 사 교성이 좋은 형 책임감이 투철 한 누나 등 각자의 장점을 발견하고 저 또한 이들을 닮기 위해 애쓰곤 합니다 덕분에 원체 표현할 줄 몰라 무뚝뚝하던 어린 시절에 비하면 저 자신이 사회성 좋은 방향으로 완전히 달라진  모습을 하고 있음을 새삼 깨닫습니다 앞으로도 에서 많은 인생 선배님들을 만나 다양한 배움을 이루고 싶습니다 단점 타인의 장점을 찾다 보면 단점 또한 자연스레 눈에 밟힙니다 이는 첫 인상만 가지고 좋지 않은 편견을 가지는 실수로 이어지기도 했습니다 하지만 반성을 거듭 한 결과 그 사람의 내면을 발견하기 위해 노력하며 타인의 단점을 흉 보기 보다는 자신을 되돌 아보는 계기로 삼게 되었습니다 앞으로도 정작 나는 부족하진 않은 가 라는 식의 성찰을 통해 경솔함을 극복하겠습니다,시기와 질투가 아닌 순수히 우상으로 여겨 배우 고 싶은 마음이 들 곤 하며 앞으로도 많은 인생 선배님들을 만나 다양한 배움을 이루고 싶다.,"장점 항상 타인의 장점을 찾아보며 본받고 싶어 합니다.
공감 능력이 좋은 친구 사 교성이 좋은 형 책임감이 투철 한 누나 등 각자의 장점을 발견하고 저 또한 이들을 닮기 위해 애쓰곤 합니다.
단점 타인의 장점을 찾다.
앞으로도 정작 나는 부족하진 않은 가 라는 식의 성찰을 통해 경솔함을 극복하겠습니다다."
42,서로 끌어주고 밀어주는 국토대장정 고등학생 시절 학업 탓에 하지 못했던 일들을 빼곡히 적어둔 버킷 리스트가 있었으며 그 첫 줄에는 국토대장정이 적혀 있었습니다 스무 살 새내기였던 년 여름 같은 뜻을 가진 다른 학과 학생 명과 팀을 이루고 여정을 시작하게 되었습니다 알고 보니 형 누나들뿐이었고 가장 어렸던 저는 완주의 다짐을 내비쳤습니다 학창 시절 내내 태 권도를 다녔으며 국토대장정을 출발할 당시에도 꾸준히 운동했었기에 체력만큼은 자신감을 가지고 포항에서 출발하였습니다 당장이라도 계획된 를 내 달릴 수 있을 것만 같은 의지를 불태웠으나 마음과는 다르게 점점 몸에 이상 신호가 나타났으며 일일 행진의 나흘 차에는 올바른 자세로 걷기 힘든 지경에 이르렀습니다 요컨대 체력 문제가 아닌 무릎 통증과 발바닥의 물집이  주원인이었습니다 걸음걸이에 문제가 있다는 피드백을 받고서 이후로 더 고통스럽더라도 정 자세를 위해 꾸준히 신경 쓰며 걸었습니다 또한 발바닥을 심장보다 높인 후 잠을 잤더니 무릎 통증과 물집이 호전되어 결과적으로 동료의 가방을 대신 들어 주기까지 하며 함께 완주할 수 있었습니다 여정 도중 난관에 부딪혔으나 서로의 도움으로 무사히 를 완주하였습니다 앞으로의  어려운 일들도 주변 사람들과 함께 하면 이겨낼 수 있다는 자신감을 얻은 값진 경험이었습니다 이에 더불어 언제든지 신체에 예상치 못한 문제가 발생할 수 있음을 배웠고 이후로 예방을 중점적으로 건강관리를 철저히 하게 되었습니다 이 경험을 양분 삼아 본인의 건강과 정신을 최상의 컨디션으로 유지해 본업에 지장이 없도록 하겠습니다,학창 시절 내내 태 권도를 다녔으며 국토대장정을 출발할 당시에도 꾸준히 운동했었기에 체력만큼은 자신감을 가지고 포항에서 출발하였으나 걸음걸이에 문제가 있다는 피드백을 받고서 이후로 걷기 힘든 지경에 이르렀다.,"요컨대 체력 문제가 아닌 무릎 통증과 발바닥의 물집이  주원인이었습니다.
걸음걸이에 문제가 있다는 피드백을 받고서 이후로 더 고통스럽더라도 정 자세를 위해 꾸준히 신경 쓰며 걸었습니다.
높인 후 잠을 잤더니 무릎 통증과 물집이 호전되어 결과적으로 동료의 가방을 대신 들어 주기까지 하며 함께 완주할 수 있었습니다."
43,경쟁우위 확보를 위한 스마트 팩토리 구현 역량에 이 바지하는 설계 엔지니어가 되겠습니다 는 디스플레이 차전지 뿐만 아니라 반도체 산업 부문에서도 생산 효율 극대화를 위한 스마트 팩토리 공정장비 및 생산시스템에 대한 기술력을 가지고 있으며 지속적으로 증가하는 스마트 팩토리 솔루션 수요에 발 맞춰 아낌없이 기술 개발에 재투자하며 발전해 나가고 있습니다 이처럼 는 한가 지 산업군에만 국한되지 않고 다양한 산업에 스마트 팩토리 솔루션을 제공하고 있습니다 이에 따라 설계자는 자신의 직무에 있어 끊임없는 학습에 매진해야 한다고 생각합니다 이를 위해 최소 년에 권씩 저만의 설계 노트를 만들겠습니다 년 년 그 이상의 시간이 지나 쌓이게 될 노트에는 지 나온 세월에 비례한 저만의 노하우가 담겨 있을 것입니다 추가로 업무 중 경험한 다 른 직무에 대한 지식도 함께 기술하여 저만의 경쟁력의 지표도 될 수 있을 것입니다 또한 업무 중에 발생한 문제의 해답을 찾는 데도 기여하고 나중에 제가 선배가 되었을 때 새롭게 입사한 후배들을 지도하는 데에도 좋은 교안이 될 수 있다고 생각합니다 이러한 각오를 바탕으로 원활한 직무수행을 이루어 가 내세운 브랜드 를 스마트 팩토리 솔루션 시장을 대표하는 브 랜드로 성장시키는 데 이바지하겠습니다 장기적으로는 책임감 있게 직무를 해내며 소통 역량을 겸비한 의 인간 라고 불리는 인재로 성장하는 것을 목표로 삼겠습니다,디스플레이 차전지 뿐만 아니라 반도체 산업 부문에서도 생산 효율 극대화를 위한 스마트 팩토리 공정장비 및 생산시스템에 대한 기술력을 가지고 있으며 지속적으로 증가하는 스마트 팩토리 솔루션 수요에 발 맞춰 아낌없이 기술 개발에 재투자하며 발전해 나가고 있다.,"이처럼 는 한가 지 산업군에만 국한되지 않고 다양한 산업에 스마트 팩토리 솔루션을 제공하고 있습니다.
년 년 그 이상의 시간이 지나 쌓이게 될 노트에는 지 나온 세월에 비례한 저만의 노하우가 담겨 있을 것입니다.
른 직무에 대한 지식도 함께 기술하여 저만의 경쟁력의 지표도 될 수 있을 것입니다."
44,건강한 육체에 깃든 건강한 정신 학창 시절 년 동안 빠짐없이 태권도장을 다니며 공동체 생활을 배움과 동시에 운동과 친해졌습니다 덕분에 성인이 되어서도 시기에 맞춰 농구 배드민턴 등 종목을 가리지 않고 운동을 즐기며 최근에는 수영을 통해 몸과 더불어 정신까지 건강해짐을 느낍니다 건강한 몸에 건강한 정신이 깃드는 만큼 체력이 중요하기에 늘 신경 써서 꾸준 히 관리를 하고 있습니다 주변으로부터 성격이 밝다 긍정적이다 라는 말을 자주 듣습니다 이는 제 선천적인 성격이기도 하지만 노력에 의 한 것도 있습니다 매일 의식적으로 긍정적으로 사고하고 행동하는 노력을 하고 있습니다 이는 제가 사람들과 잘 어울리고 어려운 일을 겪을 때 잘 헤쳐 나갈 수 있는 원동력이 되고 있습니다 마찬가지로 밝은 마음가짐은 삶의 질을 올려 줍니다 특히 운동과 더불어 긍정력은 스트레스를 관리하는 데 있어서 효과적입니다 모두가 힘든 상황을 겪을 때 투덜대던 주변 사람들과는 다르게 이 또한 지나 가리라라는 등 격려의 말을 웃으며 건네는 등 주변에 긍정적인 에너지를 나눠주면서 다 같이 탈 없이 이겨냈습니다 앞으로도 조직에 이러한 선한 영향력을 끼치고 싶습니다,건강한 육체에 깃든 건강한 정신 학창 시절 년 동안 빠짐없이 태권도장을 다니며 공동체 생활을 배움과 동시에 운동과 친해졌고 덕분에 성인이 되어서도 시기에 맞춰 농구 배드민턴 등 종목을 가리지 않고 운동을 즐기며 최근에는 수영을 통해 몸과 더불어 정신까지 건강해짐을 느낍니다,"건강한 육체에 깃든 건강한 정신 학창 시절 년 동안 빠짐없이 태권도장을 다니며 공동체 생활을 배움과 동시에 운동과 친해졌습니다.
건강한 몸에 건강한 정신이 깃드는 만큼 체력이 중요하기에 늘 신경 써서 꾸준 히 관리를 하고 있습니다.
이는 제가 사람들과 잘 어울리고 어려운 일을 겪을 때 잘 헤쳐 나갈 수 있는 원동력이 되고 있습니다.
특히 운동과 더불어 긍정력은 스트레스를 관리하는 데 있어서 효과적입니다."
45,장점 항상 타인의 장점을 본받고 싶어 합니다 누군가의 빼어난 능력을 보면 늘 따라 배우 고 싶습니다 이를 테면 영상 매체 속 수영하는 모습에 반해 작년 월부터 꾸준히 동네 수영장을 다니고 있으며 독학으로 한 달 만에 자유형으로 레일을 완주하는 데 성공했습니다 목표 달성 후 느끼는 성취감이 저의 가장 큰 동력원입니다 성격 또한 본받고 싶어 합니다 책임감  공감능력 등 타인의 훌륭한 성품에 감탄하고 나면 이들을 닮기 위해 애쓰곤 합니다 덕분에 어린 시절에 비하면 많이 달라진 모습을 하고 있음을 발견합니다 단점 자연스레 단점 또한 눈에 밟힙니다 이는 첫 인상만 가지고 좋지 않은 편견을 가지는 실수로 이어지기도 합니다 이후에 반성을 거듭 하여 그 사람의 내면을 발견하기 위해 노력하고 있습니다 앞으로도 정작 나 는 부족하진 않은 가 라는 등의 성찰을 통해 경솔함을 극복하겠습니다 생활신조 비판은 새겨 듣되 비난은 흘려 듣자 자신의 부족함을 인정하고 보충해 나가는 과정은 부끄러움이 아닌 바람직한 과정이라 생각합니다 또한 유연한 마음가짐을 통해 스트레스를 덜 받으며 저에게 선배님들이 원하는 자세가 무엇인지 찾아가겠습니다,타인의 장점을 본받고 싶어 하며 책임감  공감능력 등 타인의 훌륭한 성품에 감탄하고 나면 이들을 닮기 위해 애쓰곤 한다.,"장점 항상 타인의 장점을 본받고 싶어 합니다.
성격 또한 본받고 싶어 합니다.
책임감  공감능력 등 타인의 훌륭한 성품에 감탄하고 나면 이들을 닮기 위해 애쓰곤 합니다."
46,본분에 책임감을 느끼는 성격 그동안 학생으로서 본분을 다 했습니다 기계공학도로서 전공과목에 충실해 전공 평균 점을 기록 했으며 특히 협업을 좋아하는 탓에 팀 프로젝트가 포함된 모든 설계 과목 개에서 성적을 받았습니다 앞으로는 개발 업무에 필요한 여러 역량을 쌓는 등 엔지니어로서 본분을 다 할 것입니다 서로 끌어주고 밀어주는 국토대장정 제 버킷 리스트의 번은 국 토대장정이었습니다 스무 살이 된 저는 같은 뜻을 가진 명과 함께 여정을 시작하게 되었습니다 첫날의 불타오르던 의지와는 다르게 나흘 차쯤엔 무릎 통증과 발 바닥의 물집 때문에 걷기 힘든 지경에 이르렀습니다 이를 이겨내기 위해서 서로 짐을 들어주기도 하며 올바른 걸음걸이 자세에 신경 쓰며 걷고 발바닥을 심장보다 높게 둔 채 잠을 잤더니 호전되어 다 같이 완주 할 수 있었습니다 어려운 일이라도 주변 사람들과 함께 하면 이겨낼 수 있다는 진리를 몸소 느꼈습니다 앞으로도 힘든 일이 또다시 닥치면 함께 이겨낼 수 있겠다는 자신감을 얻었습니다 또한 건강관리에 더욱 신경 쓰는 계기가 되었으며 앞으로도 몸과 마음을 최상의 컨디션으로 유지해 본업에 지장이 없도록 할 것입니다,기계공학도로서 전공과목에 충실해 전공 평균 점을 기록 했으며 팀 프로젝트가 포함된 설계 과목 개에서 성적을 받았으며 앞으로는 개발 업무에 필요한 여러 역량을 쌓는 등 엔지니어로서 본분을 다 할 것입니다,"본분에 책임감을 느끼는 성격 그동안 학생으로서 본분을 다.
앞으로는 개발 업무에 필요한 여러 역량을 쌓는 등 엔지니어로서 본분을 다.
어려운 일이라도 주변 사람들과 함께 하면 이겨낼 수 있다는 진리를 몸소 느꼈습니다.
앞으로도 힘든 일이 또다시 닥치면 함께 이겨낼 수 있겠다는 자신감을 얻었습니다."
47,덕양산업의 지속 성장 가능한 사업에 동참하고 싶어 지원하였습니다 덕양산업은 기존 내 연기관차의 내장재에 만족하지 않고 새로운 자동차 패러다임인 전기차 전환에 맞게 개발에 성공해 미국 현지에 진출했습니다 특히 로는 올해 한국산업기술진흥원에서 주관하는 국책 연구과제 주관 연구개발기관으로 선정되기도 했습니다 배터리 관련 기술을 축적하며 환경보전과 신산업  진출을 위한 디딤돌을 확보하였습니다 그만큼 앞으로의 행보가 기대되는 기업입니다 책임감 있게 회사를 대표해 프로젝트를 진행하며 문제를 해결하는 개발 직무의 모습에 매력을 느껴 지원하였습니다 전 동화 개발이란 프로젝트의 시작부터 양산까지 모든 것을 책임지고 진행하는 일입니다 맡은 일에 책임지고 끝까지 매달리는 제 성격이 이와 어울린다고 생각합니다 이를 바탕으 로 모든 팀 프로젝트 과목에서 만점 성적을 받기도 했습니다 학기가 끝난 후 뒤풀이를 하며 맡은 일을 듬 직하게 해낸다라는 팀원의 말을 들으며 인정받은 느낌에 기분이 매우 좋았던 적이 있습니다 이러한 책임감을 제품을 육성하면서도 발휘하고 싶습니다,덕양산업은 기존 내 연기관차의 내장재에 만족하지 않고 새로운 자동차 패러다임인 전기차 전환에 맞게 개발에 성공해 미국 현지에 진출하였고 한국산업기술진흥원에서 주관하는 국책 연구과제 주관 연구개발기관으로 선정되기도 했으며 배터리 관련 기술을 축적하며 환경보전과 신산업  진출을 위한 디딤돌을 확보하였고 앞으로의 행보가 기대되는 기업이다.,"특히 로는 올해 한국산업기술진흥원에서 주관하는 국책 연구과제 주관 연구개발기관으로 선정되기도 했습니다.
맡은 일에 책임지고 끝까지 매달리는 제 성격이 이와 어울린다고 생각합니다.
이를 바탕으 로 모든 팀 프로젝트 과목에서 만점 성적을 받기도 했습니다."
48,저 자신을 부서에 하겠습니다 가장 먼저 학부생 시절 모든 팀 프로젝트 과목에서 밝은 분위기를 이끌어나가며 만점 성적을 받은 경험을 떠올리며 빠르게 적응하여 개발 부서에 녹아들겠습니다 부서 내 뿐만 아니라 협력사 고객사와의 유기적 소통이 핵심인 만큼 이를 정확히 인 지하고 소통하는 사원 같은 인턴이 될 것입니다 인턴 기간이 끝나면 더 나아가 능력을 인정받 고 싶은 욕심을 원동력 삼아 성실하게 정진할 것입니다 아메리칸 드림을 실현하고 싶습니다 전동화 개발 업무의 완전한 이 해를 바탕으로 자립한 후에 필요할 때 미국 조지아주의 배터리 모듈 공장으로 출장을 다니며 아메리칸 드림을 실현하고 싶습니다 그러기 위해서 저만의 장점 따라 배우 고자 하는 열정으로 선배님들이 하는 것을 따라 하면서 업무에 필요한 지식으로 저 를 가득 채우겠습니다 대학교 학년 혼자 학술대회 논문 발표를 준비할 때 교수님과 선배들 모두 각자 바빴지만 시간을 내 저를 도와 준 이유는 그만한 열정을 내비쳤기 때문이라고 생각합니다 앞으로도 스스로 찾아 공부하는 자세로 끊임없이 개발 업무에 필요한 지식을 배워나갈 것입니다,전동화 개발 업무의 완전한 이 해를 바탕으로 자립한 후에 필요할 때 미국 조지아주의 배터리 모듈 공장으로 출장을 다니며 아메리칸 드림을 실현하고 싶다.,"아메리칸 드림을 실현하고 싶습니다.
전동화 개발 업무의 완전한 이 해를 바탕으로 자립한 후에 필요할 때 미국 조지아주의 배터리 모듈 공장으로 출장을 다니며 아메리칸 드림을 실현하고 싶습니다."
49,저의 특기는 여러 취미나 지식에 도전하는 것입니다 익숙한 일상을 벗어나 새로운 것에 도 전하는 성향을 가지고 있습니다 꾸준히 해온 자전거 타기를 중심으로 수영 배드민턴 코딩 인공지능 독학 등 다양한 종목에 도전한 경험이 있습니다 하고 싶은 일에 도전하며 목표를 달성했을 때 느끼는 성취감을 통해 자존감을 키워왔습니다 기계공학도임에도 인공지능에 흥미를 느끼 고 독학해 교내 대회에서 장려상을 받는 등 생소한 것에 도전하여 목표를 이루어낸 후에 어떤 일도 잘해낼 수 있다는 자신감을 얻었습니다 그다음으로 제가 하고 싶은 일은 반도체 장비의 트러블 슈팅입니다 그간 쌓아온 자신감을 바탕으로 이번에는 트러블 슈팅을 해내겠다는 목표에 도전하겠습니다 반도체 미세공정에 필수인 장비가 최상의 컨디션을 유지할 수 있도록 다양 한 트러블을 경험하며 노하우를 축적해 나가겠습니다 그 결과 목표 가동률 달성에 이 바지하는 주성엔지니어링의 필수적인 엔지니어로 자리매김하겠습니다 본분에 최선을 다합니다 맡은 일에 책임감을 느끼고 노력합니다 특히 혼자가 아닌 팀원과 함께 목표를 이루어야 하는 협업에서는 더욱 그렇습니다 주어진 일을 듬 직하게 해낸 덕에 팀 프로젝트가 포함된 모든 설계 과목 개에서  성적을 받으며 전공 평균 점을 기록 했습니다 이제껏 학생으로서 본분을 다했듯이 앞으로는 엔지니어로서 본분을 다 할 것입니다 유지 및 보수에 필요한 여러 경험을 쌓고 트러블 슈팅에 책임감을 느끼며 고객으로부터 신뢰를 얻어내겠습니다,기계공학도임에도 인공지능에 흥미를 느끼 고 독학해 교내 대회에서 장려상을 받는 등 생소한 것에 도전하여 목표를 이루어낸 후에 어떤 일도 잘해낼 수 있다는 자신감을 얻었으며 앞으로도 꾸준히 해온 자전거 타기를 중심으로 수영 배드민턴 코딩 인공지능 독학 등 다양한 종목에 도전하여 목표를 달성했을 때 느끼는 성취감을 통해 자존감을 키워왔다.,"기계공학도임에도 인공지능에 흥미를 느끼 고 독학해 교내 대회에서 장려상을 받는 등 생소한 것에 도전하여 목표를 이루어낸 후에 어떤 일도 잘해낼 수 있다는 자신감을 얻었습니다.
그다음으로 제가 하고 싶은 일은 반도체 장비의 트러블 슈팅입니다.
그간 쌓아온 자신감을 바탕으로 이번에는 트러블 슈팅을 해내겠다는 목표에 도전하겠습니다.
유지 및 보수에 필요한 여러 경험을 쌓고 트러블 슈팅에 책임감을 느끼며 고객으로부터 신뢰를 얻어내겠습니다다."
50,건강한 육체에 깃든 건강한 정신 학창 시절 년 동안 빠짐없이 태권도장을 다니며 공동체 생활을 배움과 동시에 운동과 친해졌습니다 덕분에 성인이 되어서도 시기에 맞춰 농구 배드민턴 등 종목을 가리지 않고 운동을 즐기며 최근에는 수영을 통해 몸과 더불어 정신까지 건강해짐을 느낍니다 건강한 몸에 건강한 정신이 깃드는 만큼 체력이 중요하기에 늘 신경 써서 꾸준 히 관리를 하고 있습니다 주변으로부터 성격이 밝다 긍정적이다 라는 말을 자주 듣습니다 이는 제 선천적인 성격이기도 하지만 노력에 의 한 것도 있습니다 매일 의식적으로 긍정적으로 사고하고 행동하는 노력을 하고 있습니다 이는 제가 사람들과 잘 어울리고 어려운 일을 겪을 때 잘 헤쳐 나갈 수 있는 원동력이 되어 줍니다 마찬가지로 밝은 마음가짐은 삶의 질을 올려줍니 다 특히 운동과 더불어 긍정력은 스트레스를 관리하는 데 있어서 효과적입니다 모두가 힘든 상황을 겪을 때 투덜대던 주변 사람들과는 다르게 이 또한 지나 가리라라는 등 격려의 말을 웃으며 건네는 등 주변에 긍정적인 에너지를 나눠주면서 다 같이 탈 없이 이겨냈습니다 앞으로도 조직에 이러한 선한 영향력을 끼치고 싶습니다,건강한 육체에 깃든 건강한 정신 학창 시절 년 동안 빠짐없이 태권도장을 다니며 공동체 생활을 배움과 동시에 운동과 친해졌고 덕분에 성인이 되어서도 시기에 맞춰 농구 배드민턴 등 종목을 가리지 않고 운동을 즐기며 최근에는 수영을 통해 몸과 더불어 정신까지 건강해짐을 느낍니다,"건강한 육체에 깃든 건강한 정신 학창 시절 년 동안 빠짐없이 태권도장을 다니며 공동체 생활을 배움과 동시에 운동과 친해졌습니다.
건강한 몸에 건강한 정신이 깃드는 만큼 체력이 중요하기에 늘 신경 써서 꾸준 히 관리를 하고 있습니다.
이는 제 선천적인 성격이기도 하지만 노력에 의 한 것도 있습니다.
특히 운동과 더불어 긍정력은 스트레스를 관리하는 데 있어서 효과적입니다."
51,항상 타인의 장점을 찾아보며 본받고 싶어 합니다 누군가의 빼어난 능력을 우러러보며 따라 배우 고 싶어 합니다 이를 테면 영상 속 수영하는 모습에 반해 작년 월부터 지난달까지 꾸준히 동네 수영장을 다녔으며 독학으로 한 달 만에 자유형으로 레일을 완주하는 데 성공했습니다 목표 달성 후 느끼는 성취감을 동력 삼아 능력 계발을 이어 나가며 조직에 도움이 되겠습니다  성격에서도 그렇습니다 공감 능력이 좋은 절친 사교성이 좋은 형 책임감이 투철 한 누나 등 각자의 장점을 발견하고 저 또한 이들을 닮기 위해 애쓰곤 합니다 덕분에 원체 표현할 줄 몰라 무뚝뚝하던 어린 시절에 비하면 저 자신이 사회성 좋은 방향으로 많이 달라진 모습을 하고 있음을 새삼 깨닫습니다 타인의 장점을 찾다 보면 단점 또한 자연스레 눈에 밟힙니다 이는  첫 인상만 가지고 좋지 않은 편견을 가지는 실수로 이어지기도 했습니다 이후 반성을 거듭 하여 그 사람의 내면을 발견하기 위해 노력하는 동시에 타인의 단점을 흉 보기 보다는 저 자신을 되돌아봅니다 앞으로도 정작 나는 부족하진 않은 가 라는 식의 성찰을 통해 경솔함을 극복하겠습니다,항상 타인의 장점을 찾아보며 본받고 싶어 하며 이를테면 영상 속 수영하는 모습에 반해 작년 월부터 지난달까지 꾸준히 동네 수영장을 다녔으며 독학으로 한 달 만에 자유형으로 레일을 완주하는 데 성공했다.,"항상 타인의 장점을 찾아보며 본받고 싶어 합니다.
공감 능력이 좋은 절친 사교성이 좋은 형 책임감이 투철 한 누나 등 각자의 장점을 발견하고 저 또한 이들을 닮기 위해 애쓰곤 합니다.
타인의 장점을 찾다."
52,기계공학도의 졸업 작품에 들어간 인공지능 졸업 작품을 설계하기 위해 기계공학도 명이 모여 아이디어 회의를 할 때 인공지능 접목을 제안했습니다 이를 시도 하게 된 계기는 모빌리티 로봇 팔 등 하드웨어에 집중하던 타 팀과는 다르게 최근 대두되는 딥러닝을 구현해 소프트웨어에 힘을 실어 차별성을 두기 위함이었습니다 무턱대고 인공지능을 도입하자는 아이디어를 낸다면  무산될 확률이 높다고 판단했습니다 이에 앞서서 팀원들을 설득하기 위해 구체적인 계획을 세우기 시작했습니다 중간고사 기간 내에 관련 서적을 한 권 완독하며 기반 지식을 쌓고 인공신경망 구축을 실습 해보며 마지막으로는 작품에 딥러닝을 적용하겠다는 계획과 이 모든 것을 충분히 실현할 수 있다는 근거를 정리했습니다 이를 준비해 팀원들에게 설명하자 흔쾌히 동의해 주었습니다 이후의 작업은 일 사천리였습니다 인공지능으로 수화를 인식하는 장갑을 설계하기 시작했고 모두가 각자의 역할에 온 힘을 다 했습니다 저 역시 모두의 딥러닝이라는 책과 포털 사이트 검색을 통해 인공신경망 구축을 직접 해보며 충분한 실력을 키웠습니다 결과적으로 처음 구상했던 장갑을 설계할 수 있었습니다 장갑의 신경망 모델에 미리 축적해 놓은 을 학습시키 자 을 입력했을 때 정상적으로 알파벳 수화를 인식하였으며 성공적인 시연 끝에 해 당 과목에서 만점 성적을 받을 수 있었습니다 기계공학의 틀에서 벗어나 인공지능 접목을 시도 하여 성공적인 결과를 이끌어낸 값진 경험이었습니다 앞으로도 장비의 트러블에 대해 다양한 관점에서의 해결 방안을 생각해낸 후 끈질기게 매달려 해결할 것입니다,모빌리티 로봇 팔 등 하드웨어에 집중하던 타 팀과는 다르게 최근 대두되는 딥러닝을 구현해 소프트웨어에 힘을 실어 차별성을 두기 위해 기계공학도 명이 모여 아이디어 회의를 할 때 인공지능 접목을 제안했다.,"기계공학도의 졸업 작품에 들어간 인공지능 졸업 작품을 설계하기 위해 기계공학도 명이 모여 아이디어 회의를 할 때 인공지능 접목을 제안했습니다.
중간고사 기간 내에 관련 서적을 한 권 완독하며 기반 지식을 쌓고 인공신경망 구축을 실습 해보며 마지막으로는 작품에 딥러닝을 적용하겠다는 계획과 이 모든 것을 충분히 실현할 수 있다는 근거를 정리했습니다.
인공지능으로 수화를 인식하는 장갑을 설계하기 시작했고 모두가 각자의 역할에 온 힘을 다.
저 역시 모두의 딥러닝이라는 책과 포털 사이트 검색을 통해 인공신경망 구축을 직접 해보며 충분한 실력을 키웠습니다."
53,고객층이 확고한 독보적인 국산 증착 장비 기술을 가진 기업 작년 말 주요 고객사인 사를 중심으로 국내외 반도체 업체에 꾸준히 수주를 얻어낸다는 반도체 산업 뉴스를 통해 처음으로 주성엔지니어링을 접했습니다 이처럼 주성엔지니어링은 그간 쌓아온 와 장비의 기술력을 필두로 하여 반도체 디스플레이 장비 등의 포트폴리오를 기반으로 하여 매출을 쌓아 올리고 있습니 다 최근에는 차세대 반도체 및 디스플레이 공정 대응을 위해 세계 최초의 신개념 플라즈마 기술인 기술을 개발해 증착 장비에 적용하여 양산하고 있습니다 이로서 향후 메모리뿐 아니라 비메모리의 수요를 충족시킬 것으로 예상됩니다 이러한 기술 개발은 회사 설립 이후 현재까지도 매출 대비 약 를 에 투자하는 등 미래지향적인 모습 덕에 가능했습니다 앞으로의 행보가 기 대되는 기업이기에 지원을 결심했습니다 에 적합한 인재 직무는 고객사에서 운용 중인 설비에 발생한 트러블의 원인을 정확하게 파악하여 큰 손실로 이어지기 전 신속하게 조치를 하는 게 주 업무입니다 이 업무의 최종 목표는 고객사의 생산에 차질이 없도록 장비의 최고의 성능을 보장하여 신뢰를 얻어내는 것입니다 협업 친화적인 태도 맡은 일에 대한 책임감 문제  해결 관점의 다각화 등 앞서 말씀드린 장점들을 통해 직무를 듬 직하게 해내며 신뢰 받는 엔지니어가 되겠습니다,작년 말 주요 고객사인 사를 중심으로 국내외 반도체 업체에 꾸준히 수주를 얻어낸다는 반도체 산업 뉴스를 통해 처음으로 주성엔지니어링을 접하였으며 이에 적합한 인재 직무는 고객사에서 운용 중인 설비에 발생한 트러블의 원인을 정확하게 파악하여 큰 손실로 이어지기 전 신속하게 조치를 하는 게 주 업무이다.,"이처럼 주성엔지니어링은 그간 쌓아온 와 장비의 기술력을 필두로 하여 반도체 디스플레이 장비 등의 포트폴리오를 기반으로 하여 매출을 쌓아 올리고 있습니 다.
최근에는 차세대 반도체 및 디스플레이 공정 대응을 위해 세계 최초의 신개념 플라즈마 기술인 기술을 개발해 증착 장비에 적용하여 양산하고 있습니다."
54,미래의 마에스트로 한영에서 정교한 컨설팅을 통해 기업의 발전을 토대로 인류사회의 역동성과 혁신을 이루고 싶어서 지원하게 되었습니다 신화 창조 비밀에서 글로벌 기업으로 도 약하기 위해 경영철학 및 비전을 확립하는 것이 중요성을 배웠습니다 글로벌 기업들은 시장의 동향을 분석한 후에 올바른 비전 및 경영철학 확립했습니다 그 후에 지속적인 연구개발을 통해 차별 화된 품질 경쟁력을 통해 시장을 주도 했습니다 이러한 역할을 전략 컨설턴트에서 기업 정부 및 공공분야에서 올바른 조언을 통해 더 나은 미래를 여는 데 기여하고 싶습니다 컨설팅은 미래를 정확하게 예측해서 현 상황을 파악해서 해결방안을 제시하는 데 적합하다고 생각합니다 학창 시절 역량 측정 검사를 받았습니다 그 결과 리더십 창의력 문제 해결능력이 높게 측정 되었 습니다 정교한 분석력을 통해 명확한 해결책을 제시하는 추진력이 강하다는 평가를 받았습니다 명확한 조사를 통해 해결책을 제시하기 위해 다방면으로 사고해서 근본적인 문제점을 해결하는 역량이 중요하다고 생각합니다 의료관광 마케팅 공기업 창업 언론 등 다양한 조직의 대외활동을 통해 해당 조직 측면에서 사고하는 힘을 키웠습니다,미래의 마에스트로 한영에서 정교한 컨설팅을 통해 기업의 발전을 토대로 인류사회의 역동성과 혁신을 이루고 싶어서 지원하게 되었다.,"글로벌 기업들은 시장의 동향을 분석한 후에 올바른 비전 및 경영철학 확립했습니다.
컨설팅은 미래를 정확하게 예측해서 현 상황을 파악해서 해결방안을 제시하는 데 적합하다고 생각합니다.
정교한 분석력을 통해 명확한 해결책을 제시하는 추진력이 강하다는 평가를 받았습니다."
55,망원경과 현미경의 시야 컨설턴트에서 중장기적인 관점에서 정교한 분석력을 통해 현황을 명확히 파악해서 해당 조직의 비전과 방향성을 명확히 제시하겠습니다 국제의료마케팅 병원 경영학에서 포지셔닝과 좋은 병원과 나쁜 병원을 비교 분석하는 과제를 하면서 의료의 질의 중요성을 알게 되었습니다 은 고객 최적화 서비스로 편리함과 진료의 신뢰감을 주었습니다 좋은 병 원과 나쁜 병원은 환자에게 의료 서비스를 쾌적함과 신뢰감을 주는 것에 차이가 난다는 것을 알게 되었습니다 의료 서비스의 질에 건강보험의 수가 선정이 결정적인 영향을 준다는 것을 배웠습니다 에서 매출 증대 방안 미션을 수행하면서 의 근본적인 문제점을 찾아 해결책을 제시했습니다 매장 방문과 제품 설명회를 통해 전반적인 프로세스에서 근본적인 문제점을  찾아 중장기적인 해결책 제시의 중요성을 배웠습니다 센터 행사를 취재하면서 창업을 위해 시장 분석을 제품별 세분화와 미래의 시장의 동향을 명확히 분석해야 한다는 것을 배웠습니다 해당 기업의 기술이 고객에게 어떤 가치를 제공할 수 있는지 파악하는 것의 중요성을 배웠습니다,망원경과 현미경의 시야 컨설턴트에서 중장기적인 관점에서 정교한 분석력을 통해 현황을 명확히 파악해서 해당 조직의 비전과 방향성을 명확히 제시하겠다.,"좋은 병 원과 나쁜 병원은 환자에게 의료 서비스를 쾌적함과 신뢰감을 주는 것에 차이가 난다는 것을 알게 되었습니다.
매장 방문과 제품 설명회를 통해 전반적인 프로세스에서 근본적인 문제점을  찾아 중장기적인 해결책 제시의 중요성을 배웠습니다."
56,초격차 기업 저는 초격차 배양 엔지니어가 되기 위해 삼성바이오로직스에 지원했습니다 삼성바이오로직스는 설립한 지 년 안에 만 천 리터로 세계 위 능력을 갖추고 있으며 공장 완공 시 만 리터로 초격차 를 가진 기업입니다 이와 함께 를 포함하여 월 기준 개의 글로벌 품질 승인을 가지고 있으며 세포주부터 제조까지 체계를 가지고 있습니다 따라서 삼 성바이로직스는 명실상부 업계 위 기업이며 초격차 배양 엔지니어라는 저의 꿈을 달성시킬 수 있는 기업이므로 지원했습니다 부터 완제까지 저는 생산 전체 공정을 이해하는 만능 배양 엔지니어가 되고 싶습니다 저는 미세조류로부터 치료용 제아잔틴의 대량 생산기술 연구 과제를 수행했습니다 제 아잔틴 생산 우수종을 리엑터에서 총 의 바이오매스를 생산했습니다 세포  관리부터 세포배양 수확 및 제아잔틴 분석이 주 업무였습니다 특히 효율적인 공정 개선을 통해 바이오매스 생산량을 가량 증가시키고 배양 및 수확에 대한 를 개 재정한 경험이 있습니다 해당 연구를 통해 바이오의약품 생산과정의 전반적인 흐름을 이해할 수 있었고 경험을 바탕으로 부터 배양 정제 완제 공정 전체를 이해하는 만능 배양 엔지니어가 되겠습니다,미세조류로부터 치료용 제아잔틴의 대량 생산기술 연구 과제를 수행한 초격차 배양 엔지니어가 되기 위해 삼성바이오로직스에 지원했다.,"초격차 기업 저는 초격차 배양 엔지니어가 되기 위해 삼성바이오로직스에 지원했습니다.
삼성바이오로직스는 설립한 지 년 안에 만 천 리터로 세계 위 능력을 갖추고 있으며 공장 완공 시 만 리터로 초격차 를 가진 기업입니다.
이와 함께 를 포함하여 월 기준 개의 글로벌 품질 승인을 가지고 있으며 세포주부터 제조까지 체계를 가지고 있습니다."
57,책임감의 중요성 저는 교내 패러글라이딩 동아리에서 훈련 부장을 맡아 사고를 겪고 책임감의 중요성을 알게 되었습니다 패러글라이딩은 비행하는 스포츠이기 때문에 여러 안전사고가 발생할 수 있습니다 따라서 비행자는 비행 이론을 숙지하고 지상에서 충분히 기체를 컨트롤 할 수 있도록 훈련해야 합니다 강원도 평창비행장에서 신입생들의 첫 비행을 위해 비행 를 진행했습 니다 지상 훈련에서 기체를 컨트롤하기에 다소 힘이 부족한 학우가 있었습니다 비행 당일 기상 상황이 좋았고 해당 학우의 비행 의지가 있었기에 비행이 가능하다고 판단했습니다 비행 당시 이륙은 성공적이었지만 기 체 컨트롤 미숙으로 착륙을 제대로 하지 못하고 정강이로 착륙하여 골절되었습니다 저는 훈련 부장으로서 후배들 교육과 비행 판단에 실패한 것이었습니다 이후에  또 다른 사고가 발생하지 않도록 책임감을 갖고 비행 훈련에 더욱더 신경을 썼습니다 출발 전 점검을 숙지를 못 한 후배들에게는 다음 훈련을 진행하지 않았고 지상에서 기체를 컨트롤 할 수 있는 학우들만 데리고 비행장에 갔습니다 이후 안전 수칙에 대한 엄격한 준수로 더 이상의 사고는 발생하지 않았습니다 저는 동아리 사고 사건 이후로 사소해 보이는 규정이더라고  꼭 지키는 습관을 기르게 됐습니다 패러글라이딩처럼 의약품은 환자의 생명에 직접적으로 관여하기 때문에 생산 엔지니어는 반드시 책임감을 가지고 업무를 수행해야 합니다 출발 전 점검 등의 안전수칙 준수는 바이오의약품 생산에서 규정 준수이며 이는 곧 의약품 품질의 보증입니다 따라서 생산 배양 엔지니어는 규정을 꼭 준수하고 사소한 라도 귀찮음에 타협하지 않고  엄격히 따라야 합니다 또한 생산과정에서 이슈가 있을 시 빠르게 조치를 취하고 리스크와 타협하지 않아야 합니다 훈련 부장으로서 배운 저의 책임감을 바탕으로 저는 맡은 역할에 책임과 사명감을 가지고 상황과 타협하지 않는 바이오의약품 생산 엔지니어가 될 것입니다 멘토링을 통해 열정을 배우 다 저는 년 개월간 여 차례 전공 멘토로 활동하며 학업에 대한 흥미와 열 정을 얻었습니다 교내 입학처에서 주관하여 인천 근교 고등학교와 입시 설명회 등에서 생명공학과 전공을 소개하는 전공 멘토단 활동을 했습니다 공학을 설명하기 위해서 산업군에 대한 이 해는 필수적이라고 판단했습니다 따라서 인슐린을 예로 들어 바이오의약품 생산과 성장성 시장에 관해 설명하였습니다 삼성바이오로직스를 포함한 송도 바이오 클러스터를 설명하며 학생들의 눈 높이에서 설명하고자 노력했습니다 학생들의 눈빛들과 질의 응답 시간에서 보여주는 학생들의 열정은 저의 학창 시절을 상기 시켰고 전공에 대한 자부심을 얻었으며 이로 인해 학업에 대한 열정을 높여주는 계기가 되었습니다 이는 저조하던 저의 학업 성적을 우 등 생으로 만들어 주었습니다 이와 함께 바이오 제약산업에서 필수적인 어학능력을 갖추기 위해 캐나다 어학연수를 실행 에 옮기게 된 계기가 되었습니다 이후에도 대학원 진학까지 선택하여 학업에 대한 재미를 붙이게 되었습니다,패러글라이딩은 비행하는 스포츠이기 때문에 여러 안전사고가 발생할 수 있기 때문에 비행자는 비행 이론을 숙지하고 지상에서 충분히 기체를 컨트롤 할 수 있도록 훈련해야 하며 지상에서 충분히 기체를 컨트롤 할 수 있도록 훈련해야 한다.,"따라서 비행자는 비행 이론을 숙지하고 지상에서 충분히 기체를 컨트롤 할 수 있도록 훈련해야 합니다.
출발 전 점검을 숙지를 못 한 후배들에게는 다음 훈련을 진행하지 않았고 지상에서 기체를 컨트롤 할 수 있는 학우들만 데리고 비행장에 갔습니다.
패러글라이딩처럼 의약품은 환자의 생명에 직접적으로 관여하기 때문에 생산 엔지니어는 반드시 책임감을 가지고 업무를 수행해야 합니다.
따라서 생산 배양 엔지니어는 규정을 꼭 준수하고 사소한 라도 귀찮음에 타협하지 않고  엄격히 따라야 합니다.
훈련 부장으로서 배운 저의 책임감을 바탕으로 저는 맡은 역할에 책임과 사명감을 가지고 상황과 타협하지 않는 바이오의약품 생산 엔지니어가 될 것입니다.
따라서 인슐린을 예로 들어 바이오의약품 생산과 성장성 시장에 관해 설명하였습니다.
학생들의 눈빛들과 질의 응답 시간에서 보여주는 학생들의 열정은 저의 학창 시절을 상기 시켰고 전공에 대한 자부심을 얻었으며 이로 인해 학업에 대한 열정을 높여주는 계기가 되었습니다.
어학연수를 실행 에 옮기게 된 계기가 되었습니다."
58,유용 색소 생산 최적화 저는 유용 색소인 피코빌리 프로테인의 생산성을 높이는 연구를 진행하면서 세포 배양에서 각각의 파라미터가 어떤 영향을 미치는지 습득했습니다 저는 색소체 생산에 도움이 되는 전 구체 중 가지 첨가제를 선별하고 광도와 함께 가지 에 대한 피코빌리 프로테인 생산 최적화 연구를 했습니다 통계 실험을 통해 각 의 최적 조건을 찾았습니다 통계의 예 측 생산량과 일치하는 것을 하였고 이는 기존 대비 의 생산량이 증가하였습니다 또한 반응기까지 스케일업 하여 대 조군 대비 피코빌리 프로테인 생산량을 증가시켰고 해당 연구로 우수 논문 발표상을 수상하였습니다 바이오의약품 생산은 세포주와 생산물에 따라 생산 조건이 달라질 수 있습니다 따라서 배양 전문가는 각 파라미터가 무엇을 의미하는지 정확히 이해하고  이슈가 생겼을 때 빠르게 파악할 수 있어야 합니다 저는 년간의 연구를 통해서 목표 산물 증대에 관여하는 메타볼리즘이나 파라미터들에 대해 잘 이해할 수 있었습니다 저는 미세조류 배양 최적화로 얻은 전문성을 활용하여 부터 하베스트 분리 정제 완제까지 통찰력을 가진 세포배양 전문가가 되겠습니다 외국인과의 전공 스터디 저는 어학연수 시절 현지 생명공학도들과  전공 스터디를 진행했습니다 글로벌 제약 시장의 대부분은 해외이기 때문에 바이오엔지니어로서 글로벌 역량은 필수라고 판단하여 년간 캐나다 어학연수를 진행했습니다 전공에 대한 열 정도 놓치지 않고 자 현지 생명공학 학생 두 명과 함께 전공 스터디를 진행했습니다 저널에서 라벨링 된 백신으로 면역세포 추적 이나 페니실린 알레르기의 실체 등 관심 있는 논문을 매주 한  편씩 선정하여 리뷰 했습니다 같은 논문이지만 각자의 관심 분야와 해 석은 달랐고 의견 공유 과정은 유익했습니다 캐나다 현지에서 논문 스터디 경험으로 글로벌 역량과 공유와 협업 역량을 동시에 얻을 수 있었습니다,미세조류 배양 최적화로 얻은 전문성을 활용하여 부터 분리 정제 완제까지 통찰력을 가진 세포배양 전문가가 되겠다.,"유용 색소 생산 최적화 저는 유용 색소인 피코빌리 프로테인의 생산성을 높이는 연구를 진행하면서 세포 배양에서 각각의 파라미터가 어떤 영향을 미치는지 습득했습니다.
저는 색소체 생산에 도움이 되는 전 구체 중 가지 첨가제를 선별하고 광도와 함께 가지 에 대한 피코빌리 프로테인 생산 최적화 연구를 했습니다.
외국인과의 전공 스터디 저는 어학연수 시절 현지 생명공학도들과  전공 스터디를 진행했습니다.
전공에 대한 열 정도 놓치지 않고 자 현지 생명공학 학생 두 명과 함께 전공 스터디를 진행했습니다.
캐나다."
59,미래의 마에스트로 한국보건산업진흥원에서 대한민국의 미래 성장 동력 발굴에 인프라를 구축하고 싶어서 지원하게 되었습니다 인류의 역동성과 따뜻함을 증대하기 위해 지속적인 연구개발을 통해 기술 경쟁력을 확보하는 것이 중요하다고 생각했습니다 사업기획 및 관리에서 헬스케어 및 의료 연구개발을 통해 대한민국의 산업 발전에 기여하겠습니다 조선 산업과 제조업의 몰락 으로 인해 새로운 산업의 필요성이 증대되고 있습니다 미래의 헬스케어 산업의 글로벌 경쟁력을 확보해서 대한민국의 다각화된 산업구조 개편에 기여하겠습니다 글로벌 기업의 성공 사례에서 차별화된 기술 경쟁력 확보의 중요성을 알게 되었습니다 글로벌 기업은 명확한 비전과 경영철학 수립과 시장과 고객을 분석했습니다 그 후에 지속적인 연구개발을 통해 품질 경쟁력 확보와  적절한 리스크 관리를 통해 시장을 주도 했습니다 지속적인 연구개발을 통해 차별화된 기술 경쟁력 확보하는 것이 국가 경제 발전의 인프라 구축의 중요성을 배웠습니다,미래의 마에스트로 한국보건산업진흥원에서 대한민국의 미래 성장 동력 발굴에 인프라를 구축하고 싶어서 지원하게 된 마에스트로 한국보건산업진흥원에서 대한민국의 미래 성장 동력 발굴에 인프라를 구축하고 싶어서 지원하게 되었다.,"미래의 헬스케어 산업의 글로벌 경쟁력을 확보해서 대한민국의 다각화된 산업구조 개편에 기여하겠습니다.
지속적인 연구개발을 통해 차별화된 기술 경쟁력 확보하는 것이 국가 경제 발전의 인프라 구축의 중요성을 배웠습니다다."
60,다방면으로 사고하는 힘 국제의료 마케팅 병원 경영학에서 포지셔닝과 좋은 병원과 나쁜 병원을 비교 분석하는 과제를 하면서 의료의 질의 중요성을 배웠습니다 은 고객 최적화 서비스로 편리함과 진료의 신뢰감을 주었습니다 좋은 병원과 나쁜 병원은 환자에게 의료 서비스를 쾌적함과 신뢰감을 주는 것에 차이가 난다는 것을 알게 되었습니다 서포터즈에서 유니브 엑스포  부스 운영 및 기획을 수행해본 경험이 있습니다 부스 행사 기획에서 기획한 행사가 고객의 측면에서 어떠한 관점에서 색다른 즐거움을 제공할 수 있는지 명확히 파악해야 하는 중요성을 배웠습니다 센터 서포터즈에서 제품 개발할 때 연구적인 관점도 중요하지만 고객의 측면에서 어떤 가치를 제공할 수 있는지 명확히 해야 하는 것을 배웠습니다 창업을 할 때 시장의  동향을 명확히 파악해서 연구개발을 통해 제품의 기술력이 고객에게 전달되는 설계가 중요하다는 것을 배웠습니다,국제의료 마케팅 병원 경영학에서 포지셔닝과 좋은 병원과 나쁜 병원을 비교 분석하는 과제를 하면서 좋은 병원과 나쁜 병원은 환자에게 의료 서비스를 쾌적함과 신뢰감을 주는 것에 차이가 난다는 것을 알게 되었고 센터 서포터즈에서 제품 개발할 때 연구적인 관점도 중요하지만 고객의 측면에서 어떤 가치를 제공할 수 있는지 명확히 해야 하는 것을 배웠다.,"부스 행사 기획에서 기획한 행사가 고객의 측면에서 어떠한 관점에서 색다른 즐거움을 제공할 수 있는지 명확히 파악해야 하는 중요성을 배웠습니다.
센터 서포터즈에서 제품 개발할 때 연구적인 관점도 중요하지만 고객의 측면에서 어떤 가치를 제공할 수 있는지 명확히 해야 하는 것을 배웠습니다."
61,근본적인 해결책 제 시 스쿨에서 화장품 회사인 회사의 근본적인 문제점을 찾아 명확한 해결책을 제시했습니다 의 강점은 대비 효능 향기 원료의 품질이 뛰어나고 단점은 홍보와 마케팅이 미흡으로 인해 브랜드 인지도가 낮다는 것이 문제점이었습니다 팀원들은 프로모션과 이벤트의 다양성 강화를 생각했지만 저는 고객 접점 서비스가 개선되지 않으면 고객 서비스가 악 영향을 미친다고 생각했습니다 매장에서 직원들은 제품의 품질을 고객에게 명확히 설명을 하지 못하고 서비스의 불친절성이 심각했습니다 이면 매출이 자동적으로 증대될 거라는 안일한 인식이 심각하다고 생각했습니다 설명회에서 고객 서비스의 문제점을 질문했지만 해결책이 구체적이지 않았습니다 이에 대한 해결책으로 가격을 인하해 고객의 유입을 증가시키는 방법과 직원 의 실 전 교육 프로세스를 제안했습니다 최종 에서 심사위원의 평가 기준으로 선정되었고 임원들이 경각심을 가졌습니다,제 시 스쿨에서 화장품 회사인 회사의 근본적인 문제점을 찾아 명확한 해결책을 제시했다.,"팀원들은 프로모션과 이벤트의 다양성 강화를 생각했지만 저는 고객 접점 서비스가 개선되지 않으면 고객 서비스가 악 영향을 미친다고 생각했습니다.
설명회에서 고객 서비스의 문제점을 질문했지만 해결책이 구체적이지 않았습니다."
62,신뢰 책임감 한국보건산업진흥원이 청렴성과 공익성을 지켜야 하는 이유는 보건산업을 육성하기 위해 의료산업은 공익적인 측면과 부정으로 인해 산업 육성에 악영향이 발생할 경우 국민의 생명과 직결되기 때문입니다 의료산업은 정부 규제산업이면서 차 산업혁명에서 핵심적인 산업입니다 다른 산업의 경우 제품을 잘못 개발하면 국민이 재정적인 손해와 정신적인 스트레스를 받 지만 의료산업은 국민의 생명의 유무와 엄청난 질환이 발생됩니다 이러한 산업적 특성으로 인해 주어진 업무에서 청렴성과 공익성을 지켜야 한다고 생각합니다 청렴성과 공익성을 지키기 위해 업무에서 신뢰감과 책임감을 지키고 있습니다 신뢰감과 책임감을 지키기 위해 조직에서 리더의 역할을 수행하거나 혹은 팀에서 팀장 밑에서 업무 수행에 중추적인 역할을 수행하고 있습 니다 조직에서 중추적인 역할을 맡는 것은 업무에 대해 책임감 있게 수행이 가능하고 해당 업무가 본인의 미래에 연결되기 때문에 청렴함을 지키는 데 도움이 되고 있습니다,한국보건산업진흥원이 청렴성과 공익성을 지키기 위해 업무에서 신뢰감과 책임감을 지키고 있습 니다 조직에서 리더의 역할을 수행하거나 혹은 팀장 밑에서 업무 수행에 중추적인 역할을 수행하고 있습 니다 조직에서 리더의 역할을 수행하거나 혹은 팀장 밑에서 업무 수행에 중추적인 역할을 수행하고 있습 니다 조직에서 중추적인 역할을 맡는 것은 업무에 대해 책임감 있게 수행이 가능하고 해당 업무가 본인의 미래에 연결되기 때문에 청렴함을 지키는 데 도움이 되고 있습니다,"신뢰 책임감 한국보건산업진흥원이 청렴성과 공익성을 지켜야 하는 이유는 보건산업을 육성하기 위해 의료산업은 공익적인 측면과 부정으로 인해 산업 육성에 악영향이 발생할 경우 국민의 생명과 직결되기 때문입니다.
청렴성과 공익성을 지키기 위해 업무에서 신뢰감과 책임감을 지키고 있습니다."
63,인상 깊은 발표 리더십 프로그램으로 발표 불안증을 극복하고 자신감 있는 스피치 능력을 키웠습니다 첫 발표에서 말을 더듬었고 핵심의 요지를 명확히 전달하지 못했습니다 내용의 구체성 명확성 자연스러운 흐름을 갖추는 것이 힘들었습니다 스크립트를 외워 발표할 때 하나의 단어가 생각나지 않을 경우 내용이 자연스럽게 연결이 되지 않았으며 발표 중간에 흐름이 끊어 졌습니다 발표 방법을 핵심 키워드로 내용과 상황을 이해하고 내용을 공유하는 방법으로 전환하며 어떻게 풀어나갈지 머릿속으로 연상하며 준비했습니다 제스처의 경우 청중들에게 핵심 전달과 시선을 집중하는데 활용했습니다 오프닝 멘트는 대본의 주제에 맞게 청중들의 긴장을 풀거나 호기심을 유발할 수 있도록 구성했습니다 마무리 멘트는 핵심을 명확히 전달해서 마무리했습 니다 가장 성공적인 발표는 가장 안타까운 순간과 가장 의 미 있는 물건 주제입니다 가장 안타까운 순간을 발표를 했을 때 중학교 졸업식 때 친구에게 고맙다고 말 못 한 순간이라고 말했습니다 그 친구는 어려울 때 도와 줬고 그 친구로 인해 인생이 달라졌다고 이유를 구체적으로 말했습니다 슬픈 사연에서는 스토리보단 감정을 전달했습니다 스토리 소재의 실제 샤프를 활용 하며 청중들의 호기심을 유발했습니다 고급 샤프를 쓰기 시작한 이유와 고급 샤프가 저에게 어떤 의 미를 주는지 구체적으로 설명했습니다 마무리로 가치를 향상을 위해 더 고급 샤프를 쓰고 싶다는 마음을 전했습니다,인상 깊은 발표 리더십 프로그램으로 발표 불안증을 극복하고 자신감 있는 스피치 능력을 키웠으며 가장 성공적인 발표는 가장 안타까운 순간과 가장 의 미 있는 물건 주제이며 발표 중간에 흐름이 끊어 졌으며 발표 방법을 핵심 키워드로 내용과 상황을 이해하고 내용을 공유하는 방법으로 전환하며 어떻게 풀어나갈지 머릿속으로 연상하며 준비했다.,"오프닝 멘트는 대본의 주제에 맞게 청중들의 긴장을 풀거나 호기심을 유발할 수 있도록 구성했습니다.
가장 안타까운 순간을 발표를 했을 때 중학교 졸업식 때 친구에게 고맙다고 말 못 한 순간이라고 말했습니다.
스토리 소재의 실제 샤프를 활용 하며 청중들의 호기심을 유발했습니다.
고급 샤프를 쓰기 시작한 이유와 고급 샤프가 저에게 어떤 의 미를 주는지 구체적으로 설명했습니다."
64,성공적인 세미나 준비하기 관리원 정책 총괄팀에서 글로벌 개국 소재부품 장비의 현황조사 세미나를 준비했습니다 한 글로 문서 정리를 통해 설명을 하는 것을 생각했습니다 하지만 선임은 세미나 준비는 자료로 준비하는 것은 자료 이해에 도움이 된다고 조언했습니다 각 슬라이드마다 연결성 있게 구성을 하는 것이 중요하다고 생각했습니다 그래서 자료에 대한 요약과 거시 적인 관점에서 현황 파악 및 결과를 도 출하고 항목별로 세부적으로 설명하는 형식으로 구성했습니다 의 통계 기준을 제시할 때 이 아닌 로 한 이 유의 설명을 구성했습니다 그 후에 주요 개국의 소재 부품의 수출 현황을 도 표화했습니다 부품 소재의 산업 군의 글로벌 시장의 시장 점유율 및 대세계 별 수출 현황을 소재부품별로 명확히 파악해서 자료를 구성했습니다 주요  개국 별로 산업 군 의존도를 통해 소재 부품에서 어떤 산업의 의존도가 높은 지 와 강점과 단점을 파악했습니다 한국은 특히 전자산업 부품 의존도가 너무 높고 부품의 수입이 높습니다 그래서 다른 부품 소재 산업의 육성을 통해 다각화된 부품산업의 글로벌 경쟁력을 확보와 중국의 위협에 고객의 니즈에 맞는 품질 경쟁력을 확보하는 것을 제안했습니다 자주포 사례를  통해 합리적인 가격에 해 당 군 수요를 충족하는 성능을 통해 글로벌 시장을 주도 하는 근거를 제시했습니다 그 결과 세미나 발표에서 해당 산업 군에 현황 분석과 이 해도가 높다는 칭찬을 받았습니다,"관리원 정책 총괄팀에서 글로벌 개국 소재부품 장비의 현황조사 세미나를 준비했는데, 선임은 자료로 준비하는 것은 자료 이해에 도움이 되지 않는다며 각 슬라이드마다 연결성 있게 구성을 하는 것이 중요하다고 조언했다.","성공적인 세미나 준비하기 관리원 정책 총괄팀에서 글로벌 개국 소재부품 장비의 현황조사 세미나를 준비했습니다.
의 통계 기준을 제시할 때 이 아닌 로 한 이 유의 설명을 구성했습니다.
부품 소재의 산업 군의 글로벌 시장의 시장 점유율 및 대세계 별 수출 현황을 소재부품별로 명확히 파악해서 자료를 구성했습니다.
그래서 다른 부품 소재 산업의 육성을 통해 다각화된 부품산업의 글로벌 경쟁력을 확보와 중국의 위협에 고객의 니즈에 맞는 품질 경쟁력을 확보하는 것을 제안했습니다."
65,다방면으로 사고하는 힘 국제의료 마케팅 병원 경영학에서 포지셔닝과 좋은 병원과 나쁜 병원을 비교 분석하는 과제를 하면서 의료의 질의 중요성을 배웠습니다 은 고객 최적화 서비스로 편리함과 진료의 신뢰감을 주었습니다 좋은 병원과 나쁜 병원은 환자에게 의료 서비스를 쾌적함과 신뢰감을 주는 것에 차이가 난다는 것을 알게 되었습니다 서포터즈에서 유니브 엑스포  부스를 운영 및 기획을 해본 경험이 있습니다 부스 행사 기획에서 기획한 행사가 고객의 측면에서 어떠한 관점에서 색다른 즐거움을 제공할 수 있는지 명확히 파악해야 하는 중요성을 배웠습니다 센터 서포터즈에서 제품 개발할 때 연구적인 관점도 중요하지만 고객의 측면에서 어떤 가치를 제공할 수 있는지 명확히 해야 하는 것을 배웠습니다 창업을 할 때 시장의 동 향을 명확히 파악해서 연구개발을 통해 제품의 기술력이 고객에게 전달되는 설계가 중요하다는 것을 배웠습니다,국제의료 마케팅 병원 경영학에서 포지셔닝과 좋은 병원과 나쁜 병원을 비교 분석하는 과제를 하면서 좋은 병원과 나쁜 병원은 환자에게 의료 서비스를 쾌적함과 신뢰감을 주는 것에 차이가 난다는 것을 알게 되었고 센터 서포터즈에서 제품 개발할 때 연구적인 관점도 중요하지만 고객의 측면에서 어떤 가치를 제공할 수 있는지 명확히 해야 하는 것을 배웠다.,"부스 행사 기획에서 기획한 행사가 고객의 측면에서 어떠한 관점에서 색다른 즐거움을 제공할 수 있는지 명확히 파악해야 하는 중요성을 배웠습니다.
센터 서포터즈에서 제품 개발할 때 연구적인 관점도 중요하지만 고객의 측면에서 어떤 가치를 제공할 수 있는지 명확히 해야 하는 것을 배웠습니다."
66,책임감 국가의 발전을 위해 주도적인 책임감을 통해 업무에 소홀히 하면 안 된다고 생각합니다 공공기관은 국민의 세금으로 운영되기 때문에 국민의 세금 낼 보람 있는 업무처리를 통해 국민들에게 신뢰를 받아야 한다고 생각합니다 보안 기밀유지 공공기관에서 얻은 정보에 대한 기밀 유지를 통해 자 이익 추구 및 정보 유출에 대한 불가피 상황을 방지해야 한다고 생각 합니다 공공기관은 국가의 정책을 수행하기 때문에 정보의 기 밀 유지를 통해 예기치 못한 상황이 발생한다고 생각합니다 이러한 상황에서 미리 알고 행동을 해서 공공기관과 국가의 신뢰도를 떨어뜨리는 행동은 하지 말아야 한다고 생각합니다 업무처리 가 속력 돌발 상황에서 업무 스피드 가 속력을 통해 업무 수행에 원 활함을 증대해야 합니다 업무를 수행하다 보면 돌발 상황 이 발생해서 기 일 내 업무를 완수해야 할 상황이 온다고 생각합니다 이러한 상황에서 명확한 해결책을 찾아 불필요한 업무를 줄여 과업을 수행해야 한다고 생각합니다,공공기관은 국민의 세금으로 운영되기 때문에 국민의 세금 낼 보람 있는 업무처리를 통해 국민들에게 신뢰를 받아야 한다고 생각하며 공공기관에서 얻은 정보에 대한 기밀 유지를 통해 자 이익 추구 및 정보 유출에 대한 불가피 상황을 방지해야 한다고 생각합니다,"공공기관은 국가의 정책을 수행하기 때문에 정보의 기 밀 유지를 통해 예기치 못한 상황이 발생한다고 생각합니다.
이러한 상황에서 미리 알고 행동을 해서 공공기관과 국가의 신뢰도를 떨어뜨리는 행동은 하지 말아야 한다고 생각합니다."
67,근본적인 해결책 제 시 스쿨에서 화장품 회사인 회사의 근본적인 문제점을 찾아 명확한 해결책을 제시했습니다 의 강점은 대비 효능 향기 원료의 품질이 뛰어나고 단점은 홍보와 마케팅이 미흡으로 인해 브랜드 인지도가 낮다는 것이 문제점이었습니다 팀원들은 프로모션과 이벤트의 다양성 강화를 제안했지만 저는 고객 접점 서비스가 개선되지 않으면 고객 서비스가 악 영향을 미친다고 생각했습니다 매장에서 직원들은 제품의 품질을 고객에게 명확히 설명의 부족과 서비스의 불친절성이 심각했습니다 이면 매출이 자동적으로 증대될 거라는 안일한 인식이 심각하다고 생각했습니다 설명회에서 고객 서비스의 문제점을 질문했지만 해결책이 구체적이지 않았습니다 이에 대한 해결책으로 가격을 인하해 고객의 유입을 증가하는 방법과 직원의 실전  교육 프로세스를 제안했습니다 최종 에서 심사위원의 평가 기준으로 선정되었고 임원들이 경각심을 가졌습니다,제 시 스쿨에서 화장품 회사인 회사의 근본적인 문제점을 찾아 명확한 해결책을 제시했다.,"팀원들은 프로모션과 이벤트의 다양성 강화를 제안했지만 저는 고객 접점 서비스가 개선되지 않으면 고객 서비스가 악 영향을 미친다고 생각했습니다.
설명회에서 고객 서비스의 문제점을 질문했지만 해결책이 구체적이지 않았습니다."
68,특성에 맞게 설계 창의력 캠프에서 정교한 시뮬레이션을 통해 최우수상을 수상했습니다 창의력 캠프에서 앱이나 제품을 개발하는 미션을 수행했습니다 저희 팀은 스마트폰 액 정 깨짐을 방지하는 앱을 만들기로 했습니다 하지만 일부 팀원들은 품질 경쟁력과 수익성을 확보할 수 있을 지에 대한 의문을 제기했습니다 세밀한 설계를 통해서 극복할 수 있는 방안과 액 정 파손으 로 인해 서비스센터를 방문하는 고객의 수를 파악하여 앱을 통해 얻을 수 있는 수익성을 자료로 정리하여 회의를 통해 팀원들을 설득하였습니다 감지센서가 인식을 통해 충격량 속력 높이를 계산해 풍선이 나올 유무를 결정하는 설계를 적용했습니다 스마트폰 뒷면은 케이스로 인해 보호가 되기 때문에 액정이 있는 부분에 풍선이 더 나오게 했습니다 제품 소재를 기계나 첨 단 기술을 사용하는 것은 비용이 많이 나온다고 생각했습니다 스마트폰이 파손될 높이의 기준을 초과하면 풍선이 나오는 것을 제안했습니다 그래서 보다 높으면 풍선이 나오게 설계를 했습니다 내리막길과 오르막길에서 풍선이 굴러서 스마트폰이 파손될 확률이 있기 때문에 집착력이 강한 소재를 사용했습니다 스마트폰은 앞면에 있는 홈버튼에 설계하는 방식을 채택했고  스마트폰은 뒷면에 있는 홈 버튼을 통해 풍선이 작동할 수 있게 설계를 했습니다 발표를 준비할 때 예상 질문을 자의 입장에서 생각해서 기획안을 준비했습니다 이런 경험에서 명확한 분석을 토대로 프로세스 설계의 중요성을 배웠습니다,"창의력 캠프에서 스마트폰 액 정 깨짐을 방지하는 앱을 만들기로 했으나, 일부 팀원들은 품질 경쟁력과 수익성을 확보할 수 있을 지에 대한 의문을 제기하였고 저희 팀은 세밀한 설계를 통해 극복할 수 있는 방안과 액 정 파손으 로 인해 서비스센터를 방문하는 고객의 수를 파악하여 앱을 통해 얻을 수 있는 수익성을 자료로 정리하여 회의를 통해 팀원들을 설득하였다.","스마트폰 뒷면은 케이스로 인해 보호가 되기 때문에 액정이 있는 부분에 풍선이 더 나오게 했습니다.
높으면 풍선이 나오게 설계를 했습니다.
내리막길과 오르막길에서 풍선이 굴러서 스마트폰이 파손될 확률이 있기 때문에 집착력이 강한 소재를 사용했습니다.
스마트폰은 앞면에 있는 홈버튼에 설계하는 방식을 채택했고  스마트폰은 뒷면에 있는 홈 버튼을 통해 풍선이 작동할 수 있게 설계를 했습니다."
69,미래의 성장 동력 구축 소프트웨어 정책 연구소에서 대한민국의 미래 성장 동력 발굴에 인프라를 구축하고 싶어서 지원했습니다 대한민국이 원재료를 가공해서 중간재를 잘 만드는 국가를 뛰어 넘어 소프트웨어의 강국으로 도 약하는데 기여하고 싶습니다 신화 창조의 비밀에서 해당 기업은 명확한 방향성을 설정을 통해 미래 성장 동력을 확보를 파악해 글로벌 시장에 도 전했습니 다 글로벌 기업의 성공 사례에서 차별화된 기술 경쟁력 확보를 통해 국가 경제 발전에 인프라 구축의 중요성을 배웠습니다 글로벌 기업은 미래를 주도 하기 위해 명확한 비전을 수립 및 고객을 분석하고 지속적인 연구개발 투자를 수행했습니다 그 결과 글로벌 기업은 품질 경쟁력을 통해 성장했고 해당 국가는 선진국으로 진입했습니다 대한민국의 주력산업은 하드웨어의 차별화된  품질 경쟁력을 통해 글로벌 시장을 선도 하고 있습니다 은 하드웨어 품질과 제조 경쟁력을 통해 글로벌 시장에서 고객의 신뢰를 받고 있습니다 하지만 소프트웨어의 경쟁력은 글로벌 회사에 비해 보완할 부분이 있습니다 미래의 제품은 하드웨어의 고성능도 중요하지만 고객들이 편안하게 사용하기 위해서는 제품의 프로세스인 소프트웨어가 중요하다고 생각합니다 은 소프트웨어 의 최적화 능력을 하드웨어에 구현해 잠재력을 끌어올린 기업이라고 생각합니다 대한민국의 소프트웨어 시장의 글로벌 경쟁력 강화 및 글로벌 소프트웨어 시장 현황을 명확히 파악해서 소프트웨어 인프라 구축에 기여하겠습니다 대한민국의 건설 소프트웨어의 시장은 외국 기업들의 시장이었습니다 는 건축 소프트웨어의 커스텀 마이징 설계를 통해 건설 소프트웨어에서 건설 설계  시 최적의 프로세스를 구축했습니다 그 결과 건설 소프트웨어 시장 점유율 글로벌 위를 달성했습니다 소프트웨어의 경쟁력은 미래의 차 산업혁명에서 근본적인 인프라라고 생각합니다 차 산업혁명을 주도 하기 위해서 대한민국의 기업들이 소프트웨어 글로벌 경쟁력을 확보해서 미래의 시장을 주도 하는데 역량을 발휘하고 싶습니다,소프트웨어 정책 연구소에서 대한민국의 미래 성장 동력 발굴에 인프라를 구축하고 싶어서 지원한 소프트웨어 정책 연구소에서 대한민국의 미래 성장 동력 발굴에 인프라를 구축하고 싶어서 지원한 소프트웨어 정책 연구소에서 대한민국의 미래 성장 동력 발굴에 인프라를 구축하고 싶어서 지원한 소프트웨어 정책 연구소에서 대한민국의 미래 성장 동력 발굴에 인프라를 구축하고 싶어서 지원한 소프트웨어 정책 연구소에서 대한민국이 원재료를 가공해서 중간재를 잘 만드는 국가를 뛰어 넘어 소프트웨어의 강국으로 도 약하는데 기여하고 싶다고 밝혔다.,"글로벌 기업의 성공 사례에서 차별화된 기술 경쟁력 확보를 통해 국가 경제 발전에 인프라 구축의 중요성을 배웠습니다.
대한민국의 주력산업은 하드웨어의 차별화된  품질 경쟁력을 통해 글로벌 시장을 선도 하고 있습니다.
하지만 소프트웨어의 경쟁력은 글로벌 회사에 비해 보완할 부분이 있습니다.
소프트웨어의 경쟁력은 미래의 차 산업혁명에서 근본적인 인프라라고 생각합니다.
차 산업혁명을 주도 하기 위해서 대한민국의 기업들이 소프트웨어 글로벌 경쟁력을 확보해서 미래의 시장을 주도 하는데 역량을 발휘하고 싶습니다다."
70,성공적인 세미나 준비하기 관리원 정책 총괄팀 인턴에서 글로벌 개국 소재부품 장비의 현황조사 세미나를 준비했습니다 선임의 도움을 받아 한 글로 문서 정리를 통해 설명을 하는 것을 생각했습니다 하지만 선임은 세미나 준비는 자료로 준비하는 것은 자료 이해에 도움이 된다고 조언했습니다 그래서 를 어떻게 구성할지 와 도표를 어떻게 구성할지 고민을 했습니다 작성 을 슬라이드마다 연결성 있게 구성을 하는 것이 중요하다고 생각했습니다 그래서 자료에 대한 요약과 거시적인 관점에서 현황 파악 및 결과를 도 출하고 항목별로 세부적으로 설명하는 형식으로 구성했습니다 의 통계 기준을 제시할 때 이 아닌 로 한 이 유의 설명을 구성했습니다 그 후에 주요 개국의 소재 부품의 수출 현황을 도 표화했습니다 부품 소재의 산업 군의 글로벌  시장의 시장 점유율 및 대 세계 별 수출 현황을 소재 부품별로 명확히 파악 및 분석한 자료를 구성했습니다 주요 개국 별로 산업 군 의존도를 통해 소재부품에서 어떤 산업의 의존도가 높은 지 와 강점과 단점을 파악했습니다 한국은 특히 전자산업 부품 의존도가 이상이고 부품의 수입이 높습니다 그래서 다른 부품 소재 산업의 육성을 통해 다각화된 부품산업의 글로벌  경쟁력을 확보를 해야 한다고 방향성을 제시했습니다 일본은 한국에 비해 수출 대 품목은 한국보다 낮지만 균형적인 다각화된 산업 편 중도를 갖고 있습니다 한국은 중국의 성장에 따른 위협에 고객의 니즈에 맞는 품질 경쟁력을 확보하는 것을 제안했습니다 자주포 사례를 통해 합리적인 가격에 해 당 군 수요를 수요하는 성능을 통해 글로벌 시장을 선도 하는 근거를 제시했 습니다 그래서 독일 일본 미국은 가격 경쟁력이 약하기 때문에 그 부분에 대한 경쟁력을 확보하고 해당 니즈에 맞게 최적화된 품질 경쟁력을 확보하는 것을 제안했습니다 그 결과 세미나 발표에서 직원에게 해당 산업 군에 현황 분석과 이 해도가 높다는 칭찬을 받았습니다,관리원 정책 총괄팀 인턴에서 글로벌 개국 소재부품 장비의 현황조사 세미나를 준비하면서 선임은 자료로 준비하는 것은 자료 이해에 도움이 되지 않는다며 자료의 요약과 거시적인 관점에서 현황 파악 및 결과를 도 출하고 항목별로 세부적으로 설명하는 형식으로 구성했다.,"성공적인 세미나 준비하기 관리원 정책 총괄팀 인턴에서 글로벌 개국 소재부품 장비의 현황조사 세미나를 준비했습니다.
부품 소재의 산업 군의 글로벌  시장의 시장 점유율 및 대 세계 별 수출 현황을 소재 부품별로 명확히 파악 및 분석한 자료를 구성했습니다.
그래서 다른 부품 소재 산업의 육성을 통해 다각화된 부품산업의 글로벌  경쟁력을 확보를 해야 한다고 방향성을 제시했습니다.
한국은 중국의 성장에 따른 위협에 고객의 니즈에 맞는 품질 경쟁력을 확보하는 것을 제안했습니다.
그래서 독일 일본 미국은 가격 경쟁력이 약하기 때문에 그 부분에 대한 경쟁력을 확보하고 해당 니즈에 맞게 최적화된 품질 경쟁력을 확보하는 것을 제안했습니다."
71,미지의 분야 개척 는 대한민국이 소프트웨어의 중요성을 인식하고 있다는 것과 연구개발 투자를 하겠다는 의지가 있다는 것을 활용해야 합니다 대한민국은 제조업 및 하드웨어 제품 개발을 통해 지속적인 경제성장을 이룩했습니다 반도체 자동차 선박 석유화학이 대한민국의 주력 산업입니다 미래의 성장 동력에는 소프트웨어 기반으로 운영되기 때문에 미래의 잠재성 또한 충 분하다고 생각합니다 대한민국의 소프트웨어는 해외에서 주로 도입했지만 건축 소프트웨어는 글로벌 시장에서 인정받고 있습니다 하지만 대한민국은 하드웨어를 만드는 경쟁력을 뛰어나기 때문에 소프트웨어 테스트를 진행할 때 다양한 상황과 제품군에 맞게 소프트웨어 테스트를 할 수 있습니다 단점과 보완점으로는 소프트웨어 시장은 한 번 소프트웨어를 사용하면 타 제품으로 바꾸 질 않는다는 점입니다 갤럭시와 아이폰 같은 경우 해당 소프트웨어에 최적화되면 제품을 바꾸는 경우가 작습니다 이러한 비슷한 시장이 화장품의 경우라고 생각합니다 화장품도 본인 피부에 맞는 화장품을 찾으면 해당 피부의 트러블 문제로 인해 타 제품의 도전을 시도 하기에 부담이 있습니다 대한민국은 소프트웨어 시장의 후발주자라서 선두 기업들 제품의 경험에 차별화가 확 실해야 한다고 생각합니다 그래서 완벽한 소프트웨어 개발을 통해 차별화된 경쟁력을 확보해야 합니다 헬스케어에서 의료 정보시스템을 구축하기 위해 원활한 소프트웨어를 구축해야 합니다 빅데이터와 는 기기 간의 원활한 통신을 통해 유기적은 정보 전달 및 보안이 구축해야 하기 때문에 어떻게 소프트웨어를 구축하는 것에 따라 기업 간에 경쟁력이 갈린다고 생각합니다 미 래의 자동차에서는 테슬라는 자율주행 소프트웨어로 글로벌 전기차 시장을 주도 하고 있습니다 커넥티드 카와 자율주행차는 소프트웨어를 어떻게 원활하게 잘 작동하고 주행 간에 어떤 편리성을 구축할지에 따라 미래가치가 달려 있다고 생각합니다 세계 위의 경제대국으로 도 약하기 위해서 하드웨어와 소프트웨어의 균형이 필요하다고 생각합니다,대한민국은 제조업 및 하드웨어 제품 개발을 통해 지속적인 경제성장을 이룩하였고 반도체 자동차 선박 석유화학이 대한민국의 주력 산업이며 미래의 성장 동력에는 소프트웨어 기반으로 운영되기 때문에 미래의 잠재성 또한 충 분하다고 생각하며 대한민국은 하드웨어를 만드는 경쟁력을 뛰어나기 때문에 소프트웨어 테스트를 진행할 때 다양한 상황과 제품군에 맞게 소프트웨어 테스트를 할 수 있다.,"하지만 대한민국은 하드웨어를 만드는 경쟁력을 뛰어나기 때문에 소프트웨어 테스트를 진행할 때 다양한 상황과 제품군에 맞게 소프트웨어 테스트를 할 수 있습니다.
대한민국은 소프트웨어 시장의 후발주자라서 선두 기업들 제품의 경험에 차별화가 확 실해야 한다고 생각합니다.
그래서 완벽한 소프트웨어 개발을 통해 차별화된 경쟁력을 확보해야 합니다.
헬스케어에서 의료 정보시스템을 구축하기 위해 원활한 소프트웨어를 구축해야 합니다.
빅데이터와 는 기기 간의 원활한 통신을 통해 유기적은 정보 전달 및 보안이 구축해야 하기 때문에 어떻게 소프트웨어를 구축하는 것에 따라 기업 간에 경쟁력이 갈린다고 생각합니다."
72,미래의 마에스트로 의료 소프트웨어 구축을 통해 미래 성장 동력을 발굴하는 업무를 수행하겠습니다 의료 소프트웨어 연구개발을 통해 대한민국이 의료기술 및 의료 소프트웨어의 강국으로 도 약하는데 기여하고 싶습니다 대한민국은 산업화를 통해 기존의 성장 동력을 통해 지속적인 경제 발전에 기여했습니다 최근 대한민국 주력산업인 조선 산업 자동차 산업이 무너지는 상황 으로 인해 차세대 성장산업의 육성의 필요성이 증대되고 있습니다 소프트웨어 정책 연구소의 철학과 업무의 메커니즘과 운영 프로세스를 파악하겠습니다 업무를 수행하는 데 중요한 점은 기관의 특징과 운영 방식을 파악해 본인의 업무 스타일을 적용 시키는 것입니다 그 후에 업무의 본질을 이해하고 프로세스와 철학에 맞게 직무 수행하는 것이 업무 적응이 빨라질 것이라고  생각합니다 그 후 팀에서 제가 할 수 있는 역할을 분석하겠습니다 팀 프로젝트 및 대외활동에서 저의 역할은 리더 분위기 메이커 중심축입니다 소프트웨어 정책 연구소의 상사분들의 성향을 분석하고 경쟁력을 찾아 저에게 적합한 역할을 찾겠습니다 미래의 의료시스템 구축 유비쿼터스 의료시스템 구축을 통해 환자들의 즉각적인 의료 처치를 원활하게 이루어지게 해서 병원  사망률을 줄여야 한다고 생각합니다 병원 경영학을 공부하면서 환자가 제대로 된 조치를 받지 못하고 사망하면 병원과 보호자에게 손실이라고 생각했습니다 그러기 위해서 의사들의 즉각적인 조치도 중요하지만 정교한 의료시스템 구축이 중요하다고 생각합니다 스마트 헬스기기의 접근성 보안성 정확성에 맞게 신 기술 프로토타입을 개발하겠습니다 스마트카드의 기술을 적용하기  위해 핵심기술의 우선순위를 파악하고 이를 토대로 개발하겠습니다 웨어러블 기기에서 심전도와 신체측정 검사에서 데이터의 정확성 신뢰성을 높이는 프로토타입 개발을 하겠습니다 이러한 과정을 통해 스마트 헬스기기의 신속성과 정확성을 강화하겠습니다 소프트웨어 정책연구소에서 인 본주의 철학을 통해 헬스케어 산업에 미래가치를 창출하겠습니다,미래의 마에스트로 의료 소프트웨어 구축을 통해 미래 성장 동력을 발굴하는 업무를 수행하겠으며 의료 소프트웨어 연구개발을 통해 대한민국이 의료기술 및 의료 소프트웨어의 강국으로 도약하는데 기여하고 싶다.,"미래의 마에스트로 의료 소프트웨어 구축을 통해 미래 성장 동력을 발굴하는 업무를 수행하겠습니다.
소프트웨어 정책 연구소의 철학과 업무의 메커니즘과 운영 프로세스를 파악하겠습니다.
소프트웨어 정책 연구소의 상사분들의 성향을 분석하고 경쟁력을 찾아 저에게 적합한 역할을 찾겠습니다.
미래의 의료시스템 구축 유비쿼터스 의료시스템 구축을 통해 환자들의 즉각적인 의료 처치를 원활하게 이루어지게 해서 병원  사망률을 줄여야 한다고 생각합니다.
스마트 헬스기기의 접근성 보안성 정확성에 맞게 신 기술 프로토타입을 개발하겠습니다."
73,기업금융 직무를 담당하여 날로 발전하는 국내 자본시장을 선도 하는 인재가 되고 싶습니다 우리은행은 모태인 상업은행과 한 일은행이 기업금융에 특화되었던 만큼 기업금융의 강자로 통합니다 최근에는 인터넷전문은행과 빅테크사가 성장함에 따라 기업금융 역량 격차를 벌리기 위해 기업금융 플랫폼부를 신설하는 등 기 업그룹 조직개편을 통해 기업금융 강화 의지를 공표하기도 했 습니다 기업금융의 전통 강자인 우리은행에서 기업금융 전문가로 성장하는 것이 저의 목표입니다 기업 고객에게 금융서비스를 제공할 때는 개인고객과 비교해 금액이 크기 때문에 상환 능력이 충분한 지 파악하는 것이 매우 중요합니다 기업의 매출 자료 신용정보 담보능력 등 다양한 자료를 종합하여 판단하는 능력이 필요합니다 저는 신용보증기금 인턴으로 근무하면서 그 일련의  과정을 직간접적으로 체험해볼 수 있었습니다 기업의 재무제표를 통해 매출 성장 또는 하락 정도를 파악했고 법인과 대표의 신용정보를 확인하여 보증서를 연장하기에 적합한지 확인했습니다 또한 신규 보증을 신청한 기업의 사업장을 직접 방문해보면서 신용조사가 이루어지는 절차에 참여하기도 했습니다 기업이 제출한 자료를 꼼꼼하게 파악해 손익계산서와 과세표준신고서 상의  매출액이 다른 것을 발견해 조치하기도 했습니다 이 경험들은 앞으로 우리은행에서 기업금융을 수행할 때 더 정확하면서도 신속하게 처리할 수 있도록 도울 것입니다 이외에도 학교 교육 인터넷 강의 자격증 취득 등을 통해 회계적 재무적 지식을 쌓았습니다 재무제표를 보고 기업의 재무상태와 재무성과를 분석해 낼 수 있습니다 또한 기업이 계획하고 있는 투자안을 평가하 거나 기업 자체의 가치를 산정할 수 있는 이론적 지식을 갖추고 있습니다 이러한 모든 경험과 노력을 직무 수행에 적극적으로 녹여내겠습니다,우리은행은 모태인 상업은행과 한 일은행이 기업금융에 특화되었던 만큼 기업금융 플랫폼부를 신설하는 등 기 업그룹 조직개편을 통해 기업금융 강화 의지를 공표하기도 하였다.,"기업금융의 전통 강자인 우리은행에서 기업금융 전문가로 성장하는 것이 저의 목표입니다.
기업의 매출 자료 신용정보 담보능력 등 다양한 자료를 종합하여 판단하는 능력이 필요합니다.
재무제표를 보고 기업의 재무상태와 재무성과를 분석해 낼 수 있습니다.
또한 기업이 계획하고 있는 투자안을 평가하 거나 기업 자체의 가치를 산정할 수 있는 이론적 지식을 갖추고 있습니다."
74,우리은행 대부분의 업무가 디지털로 전환되고 있으므로 고객의 디지털 경험과 대면 경험의 차이가 없도록 하는 것이 당면 과제입니다 우리은행은 뱅킹 기업 플랫폼과 온라인 홈페이지 등을 통해 디지털 전환 시대에 알맞은 기업금융 영업방식을 갖추고 있습니다 그러나 단순히 플랫폼을 제공하는 것에서 그쳐서는 안 됩니다 기업 고객이 디지털 방식으로 업무를 처리하며 기존의  대면 방식과 서로 다른 경험을 하게 된다면 오히려 역효과가 날 수 있습니다 따라서 기업 고객을 대상으로 비대면 서비스 활용 방법을 체계적으로 교육하는 것이 필요합니다 인턴으로 근무했을 때 비대면으로 손쉽게 업무를 마칠 수 있음에도 불구하고 고객이 활용 방법을 이해하지 못해 대면 서비스를 더 많이 이용하고 있었습니다 저는 비대면 서비스를 이용할 수 있는  기업 고객이면 언제나 전화로 설명하여 영업점에 직접 방문할 필요가 없도록 도 왔습니다 잘 이해하지 못하는 고객에게는 문자 메시지로 상세한 내용을 전달하기도 했습니다 이전까지 직접 방문하여 업무를 처리했던 한 대표님은 앞으로도 비대면을 활용할 것이라고 말씀하시기도 했습니다 이처럼 저는 기업 고객이 디지털을 최대한으로 활용할 수 있도록 잘 교육할 수 있습니다 필 요하다면 교육자료를 직접 제작하여서라도 고객의 디지털 경험이 대면 경험보다 더 긍정적인 경험으로 기억되도록 기여하겠습니다,우리은행은 뱅킹 기업 플랫폼과 온라인 홈페이지 등을 통해 디지털 전환 시대에 알맞은 기업금융 영업방식을 갖추고 있지만 단순히 플랫폼을 제공하는 것에서 그쳐서는 안되며 기업 고객이 디지털 방식으로 업무를 처리하며 기존의 대면 방식과 서로 다른 경험을 하게 된다면 오히려 역효과가 날 수 있으므로 기업 고객을 대상으로 비대면 서비스 활용 방법을 체계적으로 교육하는 것이 필요하다.,"기업 고객이 디지털 방식으로 업무를 처리하며 기존의  대면 방식과 서로 다른 경험을 하게 된다면 오히려 역효과가 날 수 있습니다.
인턴으로 근무했을 때 비대면으로 손쉽게 업무를 마칠 수 있음에도 불구하고 고객이 활용 방법을 이해하지 못해 대면 서비스를 더 많이 이용하고 있었습니다.
이처럼 저는 기업 고객이 디지털을 최대한으로 활용할 수 있도록 잘 교육할 수 있습니다."
75,뷔페 아르바이트를 하며 학업을 병행했던 시기가 매우 힘들었습니다 주 일 동안 하교 후 출근해야 했고 이 전보다 많은 강의를 수강하였기에 둘을 병행하기가 쉽지 않았습니다 아르바이트를 하다가 갑자기 코피를 흘릴 정도였습니다 특히 처음 개월 동안은 대학 학기와 정확히 겹치면서 아르바이트를 처음 시작하여 적응하는 시기였기에 힘겨움이 최고조였습니다 그러나 어느  것 하나 소홀히 할 수 없었습니다 아르바이트를 소홀히 하면 동료들에게 피해가 가 고 학업을 소홀히 하면 성적이 떨어지기 때문이었습니다 이러한 상황을 타개하기 위해 철저한 학습관리가 우선적으로 필요하다고 판단했습니다 수 강하는 강의의 난이도를 각각 산정하여 난이도에 따라 일주일에 투입할 시간을 정했습니다 가장 어렵게 느껴졌던 통계학은 일주일에 시간 비교적 쉽 게 느껴졌던 전공 수업은 일주일에 시간을 배분하는 식이었습니다 투입 시간을 정해 놓으니 목표가 확실해져 집중력을 극대화할 수 있었습니다 아르바이트 업무에 빠르게 적응하기 위해 동료들에게 도움을 요청하기도 했습니다 업무에 대해 세세한 내용까지 물어보고 최대한 많이 일하려 노력했습니다 또한 체력을 길러야겠다는 생각에 퇴근 후 집까지 분 동안 걸어가기도 했습니 다 점차 생활에 익숙해지며 균형을 찾을 수 있었고 당시 학기 성적은 이전에 받았던 어떤 평점보다 높은 점수를 받을 수 있었습니다,"뷔페 아르바이트를 하며 주 일 동안 하교 후 출근해야 했고 이 전보다 많은 강의를 수강하였기에 둘을 병행하기가 쉽지 않았으며 특히 통계학은 일주일에 시간 비교적 쉽 게 느껴졌던 전공 수업은 일주일에 시간을 배분하는 식이었으며, 통계학은 일주일에 시간 비교적 쉽 게 느껴졌던 전공 수업은 일주일에 시간을 배분하는 식이었으며 통계학은 일주일에 시간 비교적 쉽 게 느껴졌던 전공 수업은 일주일에 시간을 배분하는 식이었다.","뷔페 아르바이트를 하며 학업을 병행했던 시기가 매우 힘들었습니다.
아르바이트를 소홀히 하면 동료들에게 피해가 가 고 학업을 소홀히 하면 성적이 떨어지기 때문이었습니다.
투입 시간을 정해 놓으니 목표가 확실해져 집중력을 극대화할 수 있었습니다.
아르바이트 업무에 빠르게 적응하기 위해 동료들에게 도움을 요청하기도 했습니다."
76,저는 평소 스트레스를 잘 견디는 편입니다 어려운 상황을 맞닥뜨리더라도 힘든 내색을 보이거나 좌절하지 않고 묵 묵히 견디며 할 일을 끝까지 해냅니다 과거 물류센터 콜센터 뷔페 아르바이트를 했을 때 신 체 정신적으로 정말 힘들었지만 꾹 참고 견디며 누구보다 많이 누구보다 정확하게 업무를 수행했습니다 우리은행에서 어떠한 업무를 맡더라도 잘 견 뎌내며 주어진 일을  충실히 해내겠습니다,우리은행에서 어떠한 업무를 맡더라도 잘 견 뎌내며 주어진 일을  충실히 해내겠습니다,과거 물류센터 콜센터 뷔페 아르바이트를 했을 때 신 체 정신적으로 정말 힘들었지만 꾹 참고 견디며 누구보다.
77,세일즈 사람의 마음을 움직이는 일 세일즈는 사람의 마음을 움직이는 일입니다 기업 간 세일즈 일수록 거래처의 고객들까지 깊이 이해하고 상호 할 수 있는 구조가 중요합니다 인턴 시절에는 초기 스타트업의 성장을 위한 대외협력 업무를 통해 세일즈 이해를 높였습니다 대사관 대학교 기업 등 다양한 기업들과의 협업을 경험하며 바운 더리를 넘나드는 협업 포인트를 발굴 할 수 있었습니다 또한 에서 근무하면서 데이터를 바탕으로 직접 고객을 응대하였습니다 일 목표 매출 달성을 위한 구매 전환율 및 고객 객단가 현황을 실시간으로 파악하고 이를 바탕으로 고객을 응대하였습니다 고객의 구매 전환율을 높이기 위해 자세한 상품 설명부터 객 단가 증가를 위한 연계 상품 추천 등을 경험하며 영업인으로서의 역량을 키웠습니다 를 넘나든 인사이 트를 통해 오뚜기의 이익과 고객사의 성장까지 고민할 수 있는 영업인이 되겠습니다,인턴 시절에는 초기 스타트업의 성장을 위한 대외협력 업무를 통해 세일즈 이해를 높였으며 대사관 대학교 기업 등 다양한 기업들과의 협업을 경험하며 바운 더리를 넘나드는 협업 포인트를 발굴 할 수 있었으며 일 목표 매출 달성을 위한 구매 전환율 및 고객 객단가 현황을 실시간으로 파악하고 이를 바탕으로 고객을 응대하였고 고객의 구매 전환율을 높이기 위해 자세한 상품 설명부터 객 단가 증가를 위한 연계 상품 추천 등을 경험하며 영업인으로서의 역량을 키웠다.,"세일즈 사람의 마음을 움직이는 일 세일즈는 사람의 마음을 움직이는 일입니다.
기업 간 세일즈 일수록 거래처의 고객들까지 깊이 이해하고 상호 할 수 있는 구조가 중요합니다."
78,삼고 초려의 소통을 통한 목표 달성 거절을 두려워하지 않고 적극적으로 소통하여 목표를 달성해내는 태도가 영업인으로서의 가장 중요한 역량입니다 대학 시절 커뮤니티를 운영하였습니다 커뮤니티 구축을 위해선 일반인의 참여가 필요했습니다 일반인을 커뮤니티에 참여 시키기 위해 봉사시간을 제공하고자 하였고 이를 위해선 봉사 시간 부여가 가능한 비영리 기관과의 협업 이 필요했습니다 초기에 비영리기관에 전화로 요청 드렸으나 학생 단위 프로젝트엔 기관명을 노출시키기 부담스럽다는 의견이었습니다 하지만 이에 굴하지 않고 대면 미팅을 요청 드렸습니다 직접 찾아뵙고 년 간의 프로젝트 진행 과정을 보여드리고 프로젝트를 대하는 진심 어린 태도를 어 필하였습니다 삼고 초려 끝에 기관 명의로 봉사 시간을 부여 받을 수 있었고 이를 활용해  커뮤니티 프로그램을 개월간 운영할 수 있었습니다,삼고 초려의 소통을 통한 목표 달성 거절을 두려워하지 않고 적극적으로 소통하여 목표를 달성해내는 태도가 영업인으로서의 가장 중요한 역량이다.,"커뮤니티 구축을 위해선 일반인의 참여가 필요했습니다.
일반인을 커뮤니티에 참여 시키기 위해 봉사시간을 제공하고자 하였고 이를 위해선 봉사 시간 부여가 가능한 비영리 기관과의 협업 이 필요했습니다."
79,고객의 일상에 스며드는 오뚜기를 만들어 나가는 영업인 국민 소득이 증가함에 따라 고객 니즈는 초세분화 되고 있고 이는 식품 산업군에서 두드러집니 다 오뚜기는 회전율이 높은 상품군을 중심으로 사람들의 삶에 깊이 자리하고 있습니다 오뚜기가 더 많은 사람들의 일상에 자리 잡는 과정을 세일즈 담당자로서 함께 하고 싶습니다 첫째로 유통채널을 꿰 뚫는 세일즈맨으로 성장 하고 싶습니다 코로나 이후 유통채널이 다각화되고 있습니다 유통 채널 특성에 따라 고객의 소비 성향은 확연히 다르고 같은 유통채널이라도 상권별로 주력 상품군이 달라집니다 오뚜기 세일즈맨으로서 유통채널 별 상권별 고객 데이터를 바탕으로 상품을 공급하는 데이터 영업인으로 성장하고 싶습니다 나아가 끊임없이 변해가는 식품에 대한 고객 니즈에 기 민하게 반응하겠습니다 영 업현장 최일선에서 발견한 고객 를 놓치지 않고 전달하여 세일즈 바운더리를 넘어 더 많은 고객에게 오뚜기의 가치를 전할 수 있는 영업인으로 성장하고 싶습니다,고객의 일상에 스며드는 오뚜기를 만들어 나가는 영업인 국민 소득이 증가함에 따라 고객 니즈는 초세분화 되고 있고 회전율이 높은 상품군을 중심으로 사람들의 삶에 깊이 자리하고 있는 오뚜기가 더 많은 사람들의 일상에 자리 잡는 과정을 세일즈 담당자로서 함께 하고 싶다.,"오뚜기는 회전율이 높은 상품군을 중심으로 사람들의 삶에 깊이 자리하고 있습니다.
오뚜기가 더 많은 사람들의 일상에 자리 잡는 과정을 세일즈 담당자로서 함께 하고 싶습니다."
80,산업안전 또한 핵심 가치가 되어야 합니다 식품안전뿐만 아니라 산업안전도 핵심가치로 하여 소비자와 생산자에게 신뢰를 줄 수 있는 기업이 되어야 한다고 생각합니다 내년부터 시행되는 중대재해 처벌법으로 인해 사고 발생 시 생산과 신뢰에 큰 손해를 끼칠 수 있습니다 따라서 사고를 예방하는 것이 최우선 과제가 되었습니다 또한 상대적으로 안전에 대한 투자 비용이  부족한 협력사의 안전까지 신경 써야 한다고 생각합니다 저는 상생안전 으로 중대재해 처벌법을 대응하고 무재해를 이루고자 합니다 상생 안전 농협목우촌에 입사하게 된다면 안전 지킴이가 되어 재해율 감소와 지속가능한 경영에 기여하겠습니다 온라인 유통망 증설 펫 사업 등 지속적인 사업 확대로 인해 생산량이 증가하고 있습니다 이에 수반되는 생산 시설과 협력업체의  증대는 곧 재해율 증가로 이어질 수 있습니다 저는 공단에서 곳의 사업장에서 안전 순찰 및 지도 하고 안전수칙 준수풍토를 조성하였습니다 이러한 경험으로 얻은 위험 요인 발굴 안전문화 조성의 역량으로 대 내외 안전점검에 적극적으로 참여하고 사업장 안전문화 조성을 이루겠습니다 하인 리히의 법칙에 따르면 건의 중대 재해는 건의 경미한 사고에서 비롯된다고 합니다 사소 한 사고를 예방하고 감소 시켜 중대 재해가 발생할 수 없는 환경을 만들겠습니다,식품안전뿐만 아니라 산업안전도 핵심가치로 하여 소비자와 생산자에게 신뢰를 줄 수 있는 기업이 되어야 한다고 생각하며 내년부터 시행되는 중대재해 처벌법으로 인해 사고 발생 시 생산과 신뢰에 큰 손해를 끼칠 수 있기 때문에 유통망 증설 펫 사업 등 지속적인 사업 확대로 인해 수반되는 생산 시설과 협력업체의  증대는 곧 재해율 증가로 이어질 수 있다.,"식품안전뿐만 아니라 산업안전도 핵심가치로 하여 소비자와 생산자에게 신뢰를 줄 수 있는 기업이 되어야 한다고 생각합니다.
내년부터 시행되는 중대재해 처벌법으로 인해 사고 발생 시 생산과 신뢰에 큰 손해를 끼칠 수 있습니다.
이에 수반되는 생산 시설과 협력업체의  증대는 곧 재해율 증가로 이어질 수 있습니다."
81,선제적으로 위험 요인을 발굴하는 능력과 근로자와 의사소통 역량을 키웠습니다 해당 직무는 사업장의 위험 요소를 체계적으로 관리하여 쾌적하고 안전한 사업장을 조성하는 업무입니다 특히 내년부터 시행되는 중대재해 처벌법에 대응하여야 합니다 이를 원활하게 수행하기 위해서는 사업장의 위험 요소를 선제적으로 파악하고 예방 계획을 세우는 능력이 필요합니다 이를 위해 산업안 전기사를 취득하여 산업안전보건법 위험기계기구의 올바른 사용 및 유지 관리에 대한 지식을 갖췄습니다 또한 공단에서 다양한 사업장에 안전 순찰을 한 경험을 바탕으로 위험 요소의 발굴 및 조치 현장의 근로자에게 안전 수칙 준수 독려와 귀사의 안전 담당자로서 원활한 대관 업무를 수행할 자신이 있습니다 총 곳의 제조업 폐기물 처리업 건물관리업의 현장을 불시에 방문하 여 순찰 협조를 구하고 사업주가 미처 발견하지 못했던 위험 요소를 발견하고 해당 요소를 제거할 것을 지도 조언하였습니다 그 중 식품 가공업체에서는 시동키가 꽂힌 채 정차되어 있는 지게차 식품 가공용 기계의 동력 전달장치의 방호 장치 미부착 트롤리 컨베이어 안전검사 미 실시 안전 난간 미설치 등을 개선할 것을 권고하였습니다 이러한 활동을 통해 현장 근로자 및 관계 자와의 소통 안전수칙 준수 여부 파악 등 재해 예방에 필요한 역량을 키웠습니다,총 곳의 제조업 폐기물 처리업 건물관리업의 현장을 불시에 방문하 여 순찰 협조를 구하고 사업주가 발견하지 못했던 위험 요소를 발견하고 해당 요소를 제거할 것을 지도 조언하였으며 이를 통해 현장 근로자 및 관계 자와의 소통 안전수칙 준수 여부 파악 등 재해 예방에 필요한 역량을 키웠다.,"선제적으로 위험 요인을 발굴하는 능력과 근로자와 의사소통 역량을 키웠습니다.
이를 원활하게 수행하기 위해서는 사업장의 위험 요소를 선제적으로 파악하고 예방 계획을 세우는 능력이 필요합니다."
82,사회성이 좋아 다양한 사람과 좋은 관계를 맺고 있습니다 외향적인 성격으로 고등학생 때부터 음식점 놀이공원 공장 등에서 아르바이트를 하며 다양한 사람들과 교류를 하였습니다 고등학교 학년 시절에는 인천에서 김해로 이사로 온 후 새롭게 사귄 친구들과 고향 친구들 모두 좋은 관계를 유지하고 있습니다 사회 복무요원으로 복무했던 지역아동센터의 아이들에게 재밌고 편 한 사람으로 기억되고 있습니다 복무를 마친 후에도 번 간식을 들고 찾아갔는데 아이들은 항상 반갑게 맞이 해주었습니다 지금은 팀에서 가장 막내로 일하고 있습니다 팀 구성원의 대부분이 대 이상의 어른들입니다 저의 파트너께서 예의 바르고 일할 때 적극적으로 임하는 모습이 좋다고 말씀해 주셨습니다 제가 입사하게 된다면 이 성격을 바탕으로 원활한 직장 생활을 할  수 있다고 자신할 수 있습니다 사람을 쉽게 믿어 손해를 보는 경우가 있습니다 사적인 고민거리를 쉽게 털어놓아 곤란한 상황에 빠진 적이 있습니다 알게 된 지 얼마 되지 않은 동료에게 고민을 털어놓은 후 주변 사람의 달라진 시선을 느꼈습니다 또한 아르바이트를 하며 알게 된 동생에게 돈을 빌려주었다가 받지 못한 적이 있습니다 하지만 지금도 다양한 사람들과 관 계를 맺는 것은 행복한 일이라고 생각합니다 따라서 마음속의 이야기나 리스크가 있는 행동은 신중하게 하여 상처받지 않으려고 노력하고 있습니다,외향적인 성격으로 고등학생 때부터 음식점 놀이공원 공장 등에서 아르바이트를 하며 다양한 사람들과 교류를 하였고 고등학교 학년 시절에는 인천에서 김해로 이사로 온 후 새롭게 사귄 친구들과 고향 친구들 모두 좋은 관계를 유지하고 있다.,"사회성이 좋아 다양한 사람과 좋은 관계를 맺고 있습니다.
외향적인 성격으로 고등학생 때부터 음식점 놀이공원 공장 등에서 아르바이트를 하며 다양한 사람들과 교류를 하였습니다.
고등학교 학년 시절에는 인천에서 김해로 이사로 온 후 새롭게 사귄 친구들과 고향 친구들 모두 좋은 관계를 유지하고 있습니다.
또한 아르바이트를 하며 알게 된 동생에게 돈을 빌려주었다가 받지 못한 적이 있습니다."
83,진심 어린 말 한마디의 힘 사업주의 안전에 대한 생각을 바꾼 경험이 있습니다 안전 순찰을 당시 작업의 편의만을 위해 방호 장치들이 불량한 사업장이 더러 있었습니다 지적사항들의 개선을 당부 드리며 사고가 나서 다치고 수습하는 것보다 평소에 조금 귀찮은 게 낫지 않겠습니까 라고 하였습니다 현장에서 별다른 반응은 없었지만 약 주 뒤 관계자께서 개선된 모습을  사진을 찍어 문자로 보내주셨을 때 감사함과 뿌듯함을 느꼈습니다 걱정이 많은 친구의 근심을 덜었던 경험이 있습니다 친구 는 일어날지도 모르는 일을 과하게 걱정하여 평소 스트레스를 잘 받는 성격입니다 저는 친구의 근심을 어떻게 하면 덜어줄 수 있을지 고민하였습니다 당장 고민을 해결할 방법을 알려주거나 도움을 주는 것은 효과가 있을 순 있지만 일시적이라고 생 각하였습니다 고민 끝에 다음과 같은 말을 해주었습니다 인생이라는 책은 앞에서부터 읽는 거야 누가 책을 뒤에서부터 읽어 그리고 그 책의 저자는 우리야 친구는 맞는 말이라며 공감하였습니다 그 이후로 친구의 스트레스는 줄어들었고 걱정만 하지 않고 실천하는 습관을 기르기 위해 저와 함께 주말마다 도서관을 다니고 있습니다 사람은 쉽게 바뀌지 않는다고 합니다 하지 만 말 한마디로 사람은 바뀔 수 있다는 것을 깨달았고 계속해서 언행에 신경 쓰고 있습니다,안전 순찰을 당시 작업의 편의만을 위해 방호 장치들이 불량한 사업장이 더러 있었으며 지적사항들의 개선을 당부 드리며 사고가 나서 다치고 수습하는 것보다 평소에 조금 귀찮은 게 낫지 않겠습니까 라고 하였다.,"진심 어린 말 한마디의 힘 사업주의 안전에 대한 생각을 바꾼 경험이 있습니다.
걱정이 많은 친구의 근심을 덜었던 경험이 있습니다.
사람은 쉽게 바뀌지 않는다고 합니다.
하지 만 말 한마디로 사람은 바뀔 수 있다는 것을 깨달았고 계속해서 언행에 신경 쓰고 있습니다다."
84,외향적인 성격으로 사회성이 좋습니다 고등학생 때부터 음식점 놀이공원 공장 등에서 아르바이트를 하며 다양한 사람들과 교류를 하였습니다 고등학교 학년 시절 인천에서 김해로 이사 온 후 새롭게 사귄 친구들과 고향 친구들 모두 좋은 관계를 유지하고 있습니다 대학교 시절엔 친구들과 여행을 다니며 추억을 쌓았습니다 일본에서 태풍으로 인한 결항 때문에 공항에서 노 숙하며 고생했던 것이 기억에 남습니다 공단에서 대의 어른들과 함께 일하며 기성세대에 대한 공감 능력을 키울 수 있었습니다 이러한 저의 사회성을 바탕으로 원활한 직장 생활을 할 수 있다고 자신할 수 있습니다 사람을 쉽게 믿어 손해를 보는 경우가 있습니다 사적인 고민거리를 쉽게 털어놓아 곤란한 상황에 빠진 적이 있습니다 알게 된 지 얼마 되지 않은 동료에 게 고민을 털어놓은 후 주변 사람의 달라진 시선을 느꼈습니다 또한 아르바이트를 하며 알게 된 동생에게 돈을 빌려주었다가 받지 못한 적이 있습니다 하지만 지금도 다양한 사람들과 관계를 맺는 것은 행복한 일이라고 생각합니다 따라서 마음속의 이야기나 행동은 신중하게 하여 상처 받지 않으려고 노력하고 있습니다,고등학교 학년 시절 인천에서 김해로 이사 온 후 새롭게 사귄 친구들과 고향 친구들 모두 좋은 관계를 유지하고 있으며 대학교 시절엔 친구들과 여행을 다니며 추억을 쌓았으며 공단에서 대의 어른들과 함께 일하며 기성세대에 대한 공감 능력을 키울 수 있었다.,"고등학생 때부터 음식점 놀이공원 공장 등에서 아르바이트를 하며 다양한 사람들과 교류를 하였습니다.
고등학교 학년 시절 인천에서 김해로 이사 온 후 새롭게 사귄 친구들과 고향 친구들 모두 좋은 관계를 유지하고 있습니다.
또한 아르바이트를 하며 알게 된 동생에게 돈을 빌려주었다가 받지 못한 적이 있습니다."
85,저로 인해 타인에게 긍정적인 영향을 끼칠 때 뿌듯함을 느낍니다 안전관리자는 사업장의 위험 요소를 체계적으로 관리하여 쾌적하고 안전한 사업장을 조성하는 사람입니다 저의 역량들을 바탕으로 사고를 예방하여 임직원의 안전을 보장하고 회사의 성장에 이 바지하는 것은 저에게도 가치 있는 일이 될 것입니다 선제적으로 위험 요인을 발굴하는 능력과 근로자와 의사소통 역량 을 키웠습니다 산업안전기사를 취득하여 산업안전보건법 위험 기계 기구의 올바른 사용 및 유지 관리 등에 대한 지식을 갖췄습니다 또한 공단에서 총 곳의 사업장에 불 시에 방문하여 순찰 협조를 구하고 사업주가 미처 발견하지 못했던 위험 요소를 발견하고 해당 요소를 제거할 것을 지도 조언하였습니다 주로 대 위험 기계 기구의 핵심 위험요인 이행 여부를 파악하였습니 다 금속 가공업 열처리 업체에서는 크레인 프레스 컨베이어 등의 핵심 위험요인을 파악하였으며 해지 장치 블록체인 연마기 등의 상태 보호구 착용 상태 안전검사 실시 여부 등과 사업장 곳곳의 위험 요소들을 점검하고 개선할 것을 당부드렸습니다 이러한 활동을 통해 안전 문화 조성 협력사 안전 관리에 대한 역량을 길렀습니다 현대자동차에 입사한다면 저의 역량을 바탕으 로 유해 요인을 선제적으로 발굴하고 사고를 감소시켜 중대 재해가 발생할 수 없는 환경을 만들겠습니다,안전관리자는 사업장의 위험 요소를 체계적으로 관리하여 쾌적하고 안전한 사업장을 조성하는 사람인데 선제적으로 위험 요인을 발굴하는 능력과 근로자와 의사소통 역량 을 키웠으며 현대자동차에 입사한다면 저의 역량을 바탕으 로 유해 요인을 선제적으로 발굴하고 사고를 감소시켜 중대 재해가 발생할 수 없는 환경을 만들겠습니다,"산업안전기사를 취득하여 산업안전보건법 위험 기계 기구의 올바른 사용 및 유지 관리 등에 대한 지식을 갖췄습니다.
주로 대 위험 기계 기구의 핵심 위험요인 이행 여부를 파악하였습니 다.
현대자동차에 입사한다면 저의 역량을 바탕으 로 유해 요인을 선제적으로 발굴하고 사고를 감소시켜 중대 재해가 발생할 수 없는 환경을 만들겠습니다다."
86,중대재해 처벌법에서 협력사와 상생하는 법 미래의 안전관리자로서 최근 가장 이슈가 되는 중대재해 처벌법에 관심이 있습니다 이 법의 시행으로 인해 기업의 리스크가 가중되었고 도급인의 책임이 강화되었습니다 이런 상황에서 중소기업은 비용 인력 등의 문제로 대기업과 비교해 안전에 투자가 상대적으로 부족하고 중대 재해에 쉽게 노출되어 있습니다 실제로 고용노동부의 년  산업재해 사고 사망 통계에 따르면 인 미만 사업장의 사고 사망자는 전체의 약 입니다 대기업은 많은 협력사와 공생하고 있습니다 기업의 지속 가능한 경영을 위해서는 협력사 지원을 통하여 자율적인 안전 문화를 조성하여 재해율을 감소시켜야 한다고 생각합니다 본사와 협력사의 재해율 감소는 생산성 상승뿐만 아니라 고객의 신뢰와 높은 등급으로도 이어질 것입니다  현대자동차는 이러한 부분에서 타 기업에 비해 남 다른 관심을 가지고 노력하고 있습니다 를 지속 보완 및 강화하며 현장 점검 강도를 높이고 평가 및 점검 결과를 핵심 성과지표에 반영하고 있습니다 또한 협력업체 안전보건관리 역량 향상 지원으로 지역 사회 공헌과 중대재해 예방이라는 두 마리 토끼를 잡았습니다 년 등급에서 사회 부문 를 받으며 그 노력을 입증하였습 니다 저의 역량들을 바탕으로 사고 예방에 힘써 현대자동차가 계속해서 를 받는 데 이 바지하고 싶습니다,현대자동차는 협력업체 안전보건관리 역량 향상 지원으로 지역 사회 공헌과 중대재해 예방이라는 두 마리 토끼를 잡았으며 타 기업에 비해 남 다른 관심을 가지고 노력하고 있다.,"중대재해 처벌법에서 협력사와 상생하는 법 미래의 안전관리자로서 최근 가장 이슈가 되는 중대재해 처벌법에 관심이 있습니다.
대기업은 많은 협력사와 공생하고 있습니다.
기업의 지속 가능한 경영을 위해서는 협력사 지원을 통하여 자율적인 안전 문화를 조성하여 재해율을 감소시켜야 한다고 생각합니다."
87,곳의 사업장에서 재해 예방 활동을 하다 공단에서 산업 현장에 안전 순찰을 한 일이 가장 의미가 있다고 생각합니다 산업안전기사에서 이론으로 배운 내용을 실제 현장에서 적용하고 위험 요인을 보는 시야도 넓힐 수 있었기 때문입니다 한 열처리 업체에서 순찰 당시 제품 투입 부 쪽 덤프 리프트의 주변에 협착과 넘어 짐 사고 발생 가능성이 있어 보였습니다 접근금지  표지판이나 체인을 이용하여 접근 금지 조치를 할 것을 말씀드렸습니다 다른 사업장에서는 크레인의 안전 검사 미 실시분 실시 지도 미사용 프레스 유틸리티 분리 또는 철거 지도 안전 난간 설치 지도 등을 하였습니다 한 금속가공 업체에서는 산업용 로봇이 많았으나 안전 울타리와 방호 장치가 설치되어 있지 않았습니다 이를 지적하자 사업주께서는 생산을 위해선 울타리를 설치 할 수 없고 그 비용도 만만치 않을 것이라고 하셨습니다 저는 사고 사례를 통해 사고 발생 가능성을 설명해 드렸고 사고 시 입게 되는 손해에 대하여 말씀드렸습니다 또한 사업주의 금전적인 부담을 덜어 드리는 공단의 클린 사업장 조성 사업과 다른 현장에서 보았던 로봇 주변에 호이스트를 설치하는 작업 방식도 설명해 드렸습니다 위 경험을 통해 위험 요인을 파악하 는 시야 안전 문화 조성 의사소통 역량을 기를 수 있었습니다 이를 바탕으로 현대자동차에서 안전 관리 직무를 잘 수행해 낼 자신이 있습니다,한 열처리 업체에서 순찰 당시 제품 투입 부 쪽 덤프 리프트의 주변에 협착과 넘어짐 사고 발생 가능성이 있어 접근금지  표지판이나 체인을 이용하여 접근 금지 조치를 할 것을 말씀드렸으며 다른 사업장에서는 크레인의 안전 검사 미 실시분 실시 지도 미사용 프레스 유틸리티 분리 또는 철거 지도 안전 난간 설치 지도 등을 하였다.,"산업안전기사에서 이론으로 배운 내용을 실제 현장에서 적용하고 위험 요인을 보는 시야도 넓힐 수 있었기 때문입니다.
저는 사고 사례를 통해 사고 발생 가능성을 설명해 드렸고 사고 시 입게 되는 손해에 대하여 말씀드렸습니다.
또한 사업주의 금전적인 부담을 덜어 드리는 공단의 클린 사업장 조성 사업과 다른 현장에서 보았던 로봇 주변에 호이스트를 설치하는 작업 방식도 설명해 드렸습니다."
88,소품 디스플레이어를 꿈꾸며 글로벌 업계의 콘텐츠에 관한 관심이 증가하며 수요가 급증하고 있습니다 는 트렌디한 콘텐츠와 영상미로 글로벌 콘텐츠의 경쟁력을 키우며 방송산업을 선도 하고 있습니다 년 이상이 된 스테디 프로그램부터 골 때리는 그녀들 펜트하우스 등 새로운 프로그램을 통해 다양한 대 중 픽 프로그램들을 배출하고 있습니다 이를 뒷받침하는 는 미디 어 아트 전시를 개최하고 무대 세트장을 관광지로 개발하는 등 차별화된 기술력과 전략을 통해 방송 문화 산업을 선도 하고 있습니다 이러한 의 끊임없는 도전과 성공에 저의 디자인 역량을 활용한다면 디자이너로서 개인적 성장과 동시에 의 성장에도 이 바지할 수 있을 것으로 생각하여 지원하였습니다 학부생부터 다져온 스킬업 소품 디스플레이를 통해 공간을 연출하기  위해서는 공간에 대한 이 해와 표현력이 필수적인 역량이라고 생각합니다 제가 속한 과는 공간의 콘셉트를 도 출하여 연출 설계하는 인테리어의 커리큘럼으로 이루어져 조형과 공간을 구성하는데 특화된 학과입니다 학과 수업을 통해 컨셉에 맞는 공간을 기획하고 연출하여 설계도 으로 표현하는 연습을 통해 아이디어를 로 표현하는 능력을 길렀습니다 사회 경험을 통해 준비 된 공간 디자이너 브랜드의 아르바이트생으로 근무하며 공간에 대해 이해하고 연출하는 방법에 대해 배웠습니다 코엑스 를 위한 브랜드 부스 공간을 기획하고 연출한 경험이 있습니다 컨셉에 맞는 부스를 기획하기 위해 시장을 조사하고 트렌드를 분석하며 다양한 시안을 작업하였습니다 좁은 부스 공간의 가장 효율적인 동선을 고려하여 제품들을 배치하여 진열하는 제품의  수를 늘리면서도 부스 내부가 혼잡해 보이지 않게 진열했습니다 이를 통해 성실함과 작업물의 우수함을 인정받아 근로 기간을 연장하여 근무하게 되었습니다 짧은 기간이었지만 실무에서 공간의 컨셉에 맞게 소품을 디스플레이 할 때 어떤 점을 강조해야 하는지 소비자 관점에서 좋은 디스플레이란 무엇인지에 대해 많은 것을 배우 게 됐습니다 이러한 경험이 이어져 소품 디스 플레이 직무에 관심을 두게 되었습니다 의 소품 디스플레이어로서 프로그램의 첫 인상이 될 수 있는 무대의 디스플레이를 통해 시청자의 오감을 만족하게 하는 공간을 연출하여 만의 차별화된 브랜드 가치를 보여주겠습니다 콘텐츠의 방향성과 의도를 확고히 하는 섬세한 연출을 통해 대한민국 최고의 방송사 의 디자인 문화에 이 바지하겠습니다,소품 디스플레이어를 꿈꾸며 트렌디한 콘텐츠와 영상미로 글로벌 콘텐츠의 경쟁력을 키우며 방송산업을 선도 하고 있는 는 미디 어 아트 전시를 개최하고 무대 세트장을 관광지로 개발하는 등 차별화된 기술력과 전략을 통해 방송 문화 산업을 선도 하고 있다.,"는 트렌디한 콘텐츠와 영상미로 글로벌 콘텐츠의 경쟁력을 키우며 방송산업을 선도 하고 있습니다.
학과 수업을 통해 컨셉에 맞는 공간을 기획하고 연출하여 설계도 으로 표현하는 연습을 통해 아이디어를 로 표현하는 능력을 길렀습니다.
코엑스 를 위한 브랜드 부스 공간을 기획하고 연출한 경험이 있습니다.
이러한 경험이 이어져 소품 디스 플레이 직무에 관심을 두게 되었습니다.
의 소품 디스플레이어로서 프로그램의 첫 인상이 될 수 있는 무대의 디스플레이를 통해 시청자의 오감을 만족하게 하는 공간을 연출하여 만의 차별화된 브랜드 가치를 보여주겠습니다."
89,내 이름을 걸고 사장님의 마음으로 제가 가장 중요한 가치관으로 생각하는 것은 책임감입니다 맡은 일을 넘어 남들이 생각지 못한 부분까지 고민하고 해결책을 제시하는 모습을 통해 주변 사람들에게 신뢰를 얻고 중요한 일들을 맡아 하게 되었습니다 바리스타로 일하던 작은 동네 카페의 공간이 협소하여 한 번에 받을 수 있는 손님의 수가 적다는 문제점과 다른 카페와 의 차별화가 필요하다는 생각을 사장님께 적극적으로 건의를 드렸습니다 좁은 공간에서 가장 효율적인 동선을 고려하여 가구를 재배치하여 테이블 수를 늘리면서도 카페 내부가 혼잡해 보이지 않게 디스플레이 했습니다 또한 여느 카페와 비슷한 갈색의 테이크 아웃 잔을 눈에 띄는 색상으로 바꾸고 누구나 알아볼 수 있게 카페 로고를 넣어 리 디자인하여 저희 카페만의 정체 성을 구축하였습니다 다른 카페와는 차별화된 독특한 색의 테이크 아웃 잔 때문에 일부러 테이크 아웃 잔으로 받아 가시는 손님이 늘어났습니다 카페의 발전을 위해 꾸준히 노력한 결과 주민들만 알고 방문하던 동네 카페가 에서 유명한 카페로 몇 번이나 소개되기도 하였습니다 이를 통해 매출 또한 크게 증가했습니다 대학 재학 중 직접 제작한 작품을 전시하는 졸업 전시에 서 졸업 전시의 디스플레이 팀장을 맡은 경험이 있습니다 전시장 내부의 디스플레이를 전담하여 전시의 컨셉에 맞는 공간의 방향성을 제시하고 연출하였습니다 좁은 전시장의 공간을 효율적으로 이용하기 위해 을 설치하였고 그 위에 프로젝터를 통해 영상을 재생하여 전시장의 분위기를 연출하였습니다 전년도까지는 디스플레이 팀이 하는 일은 전시장의 컨셉에 맞는 공간 연출  뿐이었습니다 매년 전시를 관람하며 각 작품에 설명이 없어 아쉬워하는 관람객들을 많이 보았습니다 그래서 각 작품의 컨셉을 한 눈에 담은 사진을 전시장 한편에 붙여 넣어 작품의 설명을 비주얼 적으로 나타낼 것을 제안하였습니다 결과적으로 전년도보다 훨씬 전시 공간의 동선을 효과적으로 구성하였고 작품의 개성을 드러낼 수 있는 전시 공간을 연출할 수 있었습니다 또한   전년도보다 직관적으로 작품을 관람할 수 있다는 호평을 듣는 전시가 되었습니다 어떤 일을 하든 책임감이 중요한 덕목이라고 생각합니다 저는 어떤 일을 하든 책임감을 가지고 한 발 더 나아가는 사람으로 의 공간을 책임감을 가지고 디스플레이 하는데 기여하겠습니다,바리스타로 일하던 작은 동네 카페의 공간이 협소하여 한 번에 받을 수 있는 손님의 수가 적어 한 번에 받을 수 있는 손님의 수가 적다는 문제점과 다른 카페와 의 차별화가 필요하다는 생각을 사장님께 적극적으로 건의를 드렸으며 좁은 공간에서 가장 효율적인 동선을 고려하여 가구를 재배치하여 테이블 수를 늘리면서도 카페 내부가 혼잡해 보이지 않게 디스플레이 하였다.,"맡은 일을 넘어 남들이 생각지 못한 부분까지 고민하고 해결책을 제시하는 모습을 통해 주변 사람들에게 신뢰를 얻고 중요한 일들을 맡아 하게 되었습니다.
바리스타로 일하던 작은 동네 카페의 공간이 협소하여 한 번에 받을 수 있는 손님의 수가 적다는 문제점과 다른 카페와 의 차별화가 필요하다는 생각을 사장님께 적극적으로 건의를 드렸습니다.
대학 재학 중 직접 제작한 작품을 전시하는 졸업 전시에 서 졸업 전시의 디스플레이 팀장을 맡은 경험이 있습니다.
전시장 내부의 디스플레이를 전담하여 전시의 컨셉에 맞는 공간의 방향성을 제시하고 연출하였습니다.
전년도까지는 디스플레이 팀이 하는 일은 전시장의 컨셉에 맞는 공간 연출  뿐이었습니다.
저는 어떤 일을 하든 책임감을 가지고 한 발 더 나아가는 사람으로 의 공간을 책임감을 가지고 디스플레이 하는데 기여하겠습니다다."
90,협동력을 통한 성공적인 전시 경험 대학 시절 졸업 전시 디스플레이 팀장으로서 각 일정을 관리하고 팀원들의 역할을 분배하여 프로젝트의 데드라인을 맞춘 경험이 있습니다 매년 졸업 전시를 위한 공동 작업의 비효율성에 대한 불만이 많아 참여율이 저조하다는 문제가 있었습니다 팀장을 맡은 후 이전의 두 전시를 통해 겪었던 공동작업의 문제점들을 되짚어 보았습니다  우선 소수의 인원으로 할 수 있는 일에도 많은 인원을 부르면서 작업 계획을 꼼꼼하게 세우지 않아 대기 시간이 늘어나는 점을 인 지하였습니다 또한 공동 작업의 내용이 공유되지 않아 팀원들의 작업 이해도가 떨어져 작업 속도가 지연되는 문제점이 있었습니다 이 때문에 작업이 비효율적이고 개인 작품을 만들 시간을 빼앗는다는 불만에 참여율 또한 저조하다는 것이 큰  문제라고 판단했습니다 전시의 완성도를 위해서는 개개인의 작품만큼 전시장 내외부를 컨셉에 맞게 보여주는 것 또한 중요하기 때문에 학우들의 참여가 필수적입니다 전시의 데드라인을 지키고 성공적인 전시 공간을 연출하기 위해 공동 작업의 생산성 극대화와 동기 부여가 필요하다고 판단하여 작업을 세분화하고 이에 따라 팀원을 나누었습니다 우선 전시 날짜를 기점으로 역으 로 계획을 세분화하여 세웠습니다 이후 하는 팀원 하는 팀원 등으로 공동 작업과 팀을 나누었습니다 다수의 인원이 많은 일을 모두 다 함께하며 여러 번 공동 작업에 참여할 필요 없이 일을 분담하여 맡은 공동 작업 일정에만 참여하도록 하였습니다 또한 전체가 모든 작업에 참여하는 것보다 소수의 인원이 맡은 일이 무엇인지 파악하고 협동하여 빠르게 작업을 처리할  수 있다고 설득하였습니다 모든 작업에 참여할 필요 없이 자신이 맡은 일 만 처리하면 공동 작업을 금방 끝낼 수 있었기에 학우들의 참여율 또한 높아졌습니다 위의 과정을 통해 작업의 전반적인 일정을 조율하고 팀원들의 역할을 분담하여 참여율을 이상 끌어냈습니다 이 전시를 통해 팀워크의 효율성과 가치를 깨닫게 되었습니다 또한 혼자였다면 만들 수 없었을 더 좋은  결과물을 끌어낼 수 있다는 것을 배웠고 팀원들과 협력하여 작업 시간 또한 단축하며 전시를 잘 마무리 할 수 있었습니다 또한 좋은 결과물을 위해 팀원과 소통하고 협력하는 자세를 갖게 되었습니다 하나의 무대를 만들기 위해서는 팀으로 여러 부서와 협력하여 세트를 만들기 때문에 팀 워크 작업이 필수적입니다 제가 가진 의사소통 능력과 팀원을 존중하는 태도를 더 하여 다양한 프로젝트에서 다양한 부서와 협력해 최상의 결과 물을 만들겠습니다,대학 시절 졸업 전시 디스플레이 팀장으로서 각 일정을 관리하고 팀원들의 역할을 분배하여 프로젝트의 데드라인을 맞춘 경험이 있습니다,"매년 졸업 전시를 위한 공동 작업의 비효율성에 대한 불만이 많아 참여율이 저조하다는 문제가 있었습니다.
전시의 데드라인을 지키고 성공적인 전시 공간을 연출하기 위해 공동 작업의 생산성 극대화와 동기 부여가 필요하다고 판단하여 작업을 세분화하고 이에 따라 팀원을 나누었습니다.
모든 작업에 참여할 필요 없이 자신이 맡은 일 만 처리하면 공동 작업을 금방 끝낼 수 있었기에 학우들의 참여율 또한 높아졌습니다.
위의 과정을 통해 작업의 전반적인 일정을 조율하고 팀원들의 역할을 분담하여 참여율을 이상 끌어냈습니다.
또한 혼자였다면 만들 수 없었을 더 좋은  결과물을 끌어낼 수 있다는 것을 배웠고 팀원들과 협력하여 작업 시간 또한 단축하며 전시를 잘 마무리 할 수 있었습니다.
하나의 무대를 만들기 위해서는 팀으로 여러 부서와 협력하여 세트를 만들기 때문에 팀 워크 작업이 필수적입니다."
91,미래의 마에스트로 한국특허전략 개발원에서 대한민국의 미래 성장 동력 발굴을 통해 핵심 특허 기술 인프라 구축하고 싶어서 지원했습니다 에서 대한민국 기업은 명확한 방향성을 통해 미래 성장 동력을 확보해 시장 경쟁력을 확보했습니다 글로벌 기업의 성공 사례에서 차별화된 기술 경쟁력 확보를 통해 국가 경제 발전에 인프라 구축의 중요성을 배웠습니다 글로벌 기업은  명확한 비전과 경영철학 수립과 시장과 고객을 분석했습니다 그 결과 글로벌 기업은 품질 경쟁력을 확보했고 이에 따라 해당 국가는 선진국으로 진입했습니다 한국특허전략 개발원에서 연구개발을 진행해야 할 특허기술들을 파악해서 대한민국의 완전한 선진국 진입과 기업의 차별화된 경쟁력 확보에 기여하겠습니다 대한민국의 연구개발 기술과 글로벌 산업 동향을 명확히 파악하겠 습니다 세계를 주도 할 만한 기술력이 무엇인지 파악하고 특허 전략 청사진 구축을 통해 차별화된 품질 경쟁력을 확보해서 글로벌 시장을 주도 하는데 기여하겠습니다,미래의 마에스트로 한국특허전략 개발원에서 대한민국의 미래 성장 동력 발굴을 통해 핵심 특허 기술 인프라 구축하고 싶어서 지원한 마에스트로 한국특허전략 개발원에서 대한민국의 미래 성장 동력 발굴을 통해 핵심 특허 기술 인프라 구축하고 싶어서 지원한 마에스트로 한국특허전략 개발원에서 연구개발을 진행해야 할 특허기술들을 파악해서 대한민국의 완전한 선진국 진입과 기업의 차별화된 경쟁력 확보에 기여하겠 습니다,"글로벌 기업의 성공 사례에서 차별화된 기술 경쟁력 확보를 통해 국가 경제 발전에 인프라 구축의 중요성을 배웠습니다.
한국특허전략 개발원에서 연구개발을 진행해야 할 특허기술들을 파악해서 대한민국의 완전한 선진국 진입과 기업의 차별화된 경쟁력 확보에 기여하겠습니다."
92,관리원 정책 총괄팀 인턴을 수행하면서 팀장님께서 미국 중국 독일 일본 한국의 소재 부품의 글로벌 산업 동향 세미나 준비를 부탁 받았습니다 이 과제에서 목표는 한국 중국 일본 중국 독일의 소재 부품별 수출 및 수입과 시장 점유율 자료를 어떻게 하면 깔끔하게 시각화와 자료 이해를 쉽게 할지 고민을 했었습니다,관리원 정책 총괄팀 인턴을 수행하면서 팀장님께서 미국 중국 독일 일본 한국의 소재 부품의 글로벌 산업 동향 세미나 준비를 부탁받았고 이 과제에서 목표는 한국 중국 일본 중국 독일의 소재 부품별 수출 및 수입과 시장 점유율 자료를 어떻게 하면 깔끔하게 시각화와 자료 이해를 쉽게 할지 고민을 했었습니다,
93,의 통계 기준을 제시할 때 이 아닌 로 한 이 유의 설명을 구성했습니다 그 후에 주요 개국의 소재 부품의 수출 현황을 도 표화했습니다 부품 소재의 산업 군의 글로벌 시장의 시장 점유율 및 대세계 별 수출 현황을 소재부품별로 명확히 파악 및 분석한 자료를 구성했습니다 주요 개국 별로 산업 군 의존도를 통해 소재부품에서 어떤 산업의 의존도가 높은 지 와 강점과  단점을 파악했습니다 한국은 특히 전자산업 부품 의존도가 이상이고 부품의 수입이 높습니다 그래서 다른 부품 소재 산업의 육성을 통해 다각화된 부품산업의 글로벌 경쟁력을 확보를 해야 한다고 방향성을 제시했습니다 일본은 한국에 비해 수출 대 품목은 한국보다 낮지만 균형적인 다각화된 산업 편 중도를 갖고 있습니다,부품 소재의 산업 군의 글로벌 시장의 시장 점유율 및 대세계 별 수출 현황을 소재부품별로 명확히 파악 및 분석한 자료를 구성하였고 주요 개국 별로 산업 군 의존도를 통해 소재부품에서 어떤 산업의 의존도가 높은 지 와 강점과 단점을 파악하였으며 다른 부품 소재 산업의 육성을 통해 다각화된 부품산업의 글로벌 경쟁력을 확보해야 한다고 방향성을 제시하였다.,"부품 소재의 산업 군의 글로벌 시장의 시장 점유율 및 대세계 별 수출 현황을 소재부품별로 명확히 파악 및 분석한 자료를 구성했습니다.
그래서 다른 부품 소재 산업의 육성을 통해 다각화된 부품산업의 글로벌 경쟁력을 확보를 해야 한다고 방향성을 제시했습니다."
94,한국특허전략 개발원에서 미래의 산업 동향을 명확히 파악해 특허기술 프로젝트를 수행하는 데 도움이 될 것 같습니다 해당 경험에서 소재 부품의 글로벌 현황을 파악해서 대한민국이 소재 부품에서 글로벌 경쟁력 확보하기 위해 미래 방향성을 제시했습니다 이러한 경험을 토대로 특허기술 분야의 동향과 주요 개국의 산업 동향을 명확히 파악하고 대한민국이 미래에 어떤 특허 기술을 투자하는 것이 효과적인지 파악하는 공헌하겠습니다 주요 개국이 특허기술 분야에서 산업군별 의존도가 어떻게 구성되는지 분석하겠습니다 해당 통계 연도 대비 비교우위 지수가 어떻게 달라졌는지 파악하겠습니다 미래 특허기술 경쟁력 확보하기 위한 어떤 분야에 투자하는 것이 대한민국의 발전에 도움이 되는지 방향성을 제시하는데 기여하겠습니다,한국특허전략 개발원에서 미래의 산업 동향을 명확히 파악해 특허기술 프로젝트를 수행하는 데 도움이 될 것 같으며 해당 경험에서 소재 부품의 글로벌 현황을 파악해 대한민국이 소재 부품에서 글로벌 경쟁력 확보하기 위해 미래 방향성을 제시했다.,미래 특허기술 경쟁력 확보하기 위한 어떤 분야에 투자하는 것이 대한민국의 발전에 도움이 되는지 방향성을 제시하는데 기여하겠습니다다.
95,창의력 캠프 최우수상 달성 창의력 캠프에서 상황에 맞는 리더십 발휘와 과 제 평가 기준 파악의 중요성을 배웠습니다 창의력 캠프에서 팀 미션을 수행하면서 저희 팀은 소통이 원활하지 않았고 팀 회의 시간에는 아이디어가 원활하게 제시하지 않았습니다 그래서 팀 미션에서 성적이 좋지 못했습니다 에이스 팀은 학교 홍보대사의 스피치 경쟁력을 앞세워 아이디어의 참 신성 과 매력적인 발표를 했습니다 기존의 방식으로 팀을 리드 해도 효과가 없던 와중 동료들의 성격 유형 찾기 시간을 활용해 팀원들의 성향을 분석했습니다 팀원들은 중재자형이고 저만 개혁가형으로 나왔습니다 카리스마 리더십을 통해 영향력을 발휘해서 팀원들의 역량을 끌어올려 팀워크를 끌어올릴 필요성을 느꼈습니다 팀 회의에서 제시한 의견에 대해 생각을 물어보고 이를 반영 하는 형태로 편안하게 진행했습니다 아침 기상미션 등을 토대로 팀원들은 자신감을 얻었고 팀 프로젝트에서 다양한 의견이 표출되고 팀워크가 강화되었습니다,창의력 캠프에서 팀 미션을 수행하면서 저희 팀은 소통이 원활하지 않았고 팀 회의 시간에는 아이디어가 원활하게 제시되지 않아 팀 미션에서 성적이 좋지 못했는데 에이스 팀은 학교 홍보대사의 스피치 경쟁력을 앞세워 아이디어의 참 신성 과 매력적인 발표를 했으며 기존의 방식으로 팀을 리드 해도 효과가 없던 와중 동료들의 성격 유형 찾기 시간을 활용해 팀원들의 성향을 분석하여 카리스마 리더십을 통해 영향력을 발휘해 팀원들의 역량을 끌어올려 팀워크를 끌어올릴 필요성을 느꼈다.,"기존의 방식으로 팀을 리드 해도 효과가 없던 와중 동료들의 성격 유형 찾기 시간을 활용해 팀원들의 성향을 분석했습니다.
카리스마 리더십을 통해 영향력을 발휘해서 팀원들의 역량을 끌어올려 팀워크를 끌어올릴 필요성을 느꼈습니다."
96,정해진 원칙 준수 학생기자단에서 소개 글을 개만 쓸 수 있는데 개를 쓴 학생의 기사를 인정해 주는 것으로 인해 교수님과 갈등이 있었습니다 월 기사 글 교열 작업을 하던 중 팀원 명이 기자단 지침을 위반한 사건이 발생했습니다 기자단 양식 규정 상 행사 소개 글은 개만 쓸 수 있습니다 하지만 그 팀원은 행사 소개 글 개를 작성했습니다 그 팀원은 개 이상  기사를 쓸 때 행사 소개를 개 써도 상관없다고 말했지만 사전에 언급이 없었고 행사 소개 글 개 이상 작성 가능 규정도 없다고 말했습니다 교수님은 그 학생을 허용해 주자 고 말했습니다 하지만 그 팀원의 양식을 허용해 주면 활동비 지급에 문제가 된다고 말했습니다 그 팀원이 이러한 행동을 한 이유를 말하고 본인의 개인 사정 때문에 기사 양식 지침을 예외로 적 용해 줄 수 없습니다 라고 교수님을 설득 시켰습니다,학생기자단에서 소개 글을 개만 쓸 수 있는데 개를 쓴 학생의 기사를 인정해 주는 것으로 인해 교수님과 팀원 명이 기자단 지침을 위반한 사건이 발생했다.,"월 기사 글 교열 작업을 하던 중 팀원 명이 기자단 지침을 위반한 사건이 발생했습니다.
그 팀원은 개 이상  기사를 쓸 때 행사 소개를 개 써도 상관없다고 말했지만 사전에 언급이 없었고 행사 소개 글 개 이상 작성 가능 규정도 없다고 말했습니다."
97,축산 관련 사업은 인간 생활과 상당히 밀접한 사업이며 의식주 중 식에서 빠질 수 없는 사업이므로 엄청난 시장 규모와 여전히 높은 성장 잠재력을 지니고 있지만 또한 이러한 요인으로 인해 매우 치열한 경쟁 환경이 조성되어 있는 사업이라 생각됩니다 이에 식품 안전 제품 품질 및 단가 기술력 등 작은 부분이라도 경쟁력을 잃게 된다면 급속도로 도태될 수 있으나 작은  농장에서 시작된 선진은 영위 중인 산업을 꾸준히 발전시켜 나가는 우직함과 수십 년의 사업 경험에서 나온 노하우 기술 등 다양한 자원을 기반으로 한 높은 품질과 안정성 있는 제품 공급으로 현재의 높은 성장을 이루었다고 생각합니다 이와 더불어 양돈 가치사슬의 문제점 및 니즈 파악으로 식육 유통 사업 축산물 및 가공품 유통 사업으로의 진출 사료 부문의 지속적 인 투자를 기반으로 한 공격적인 해외 시장 진출 등 전략적이고 진취적인 확장 또한 현재까지의 성장에 밑거름이 되었다고 생각합니다 농 축산업은 해외 각국의 국민 생활의 기근이 되며 나라 경제의 기반이 되는 산업 중 한 가지 이므로 이를 이용한 해외 진출은 몹시 어려울 수 있다고 생각됩니다 하지만 사료 사업에 더해 수십 년간 축적된 노하우에 기술을 더해  이미 제작 되어진 다양한 관련 자동화 기계와 장비 등을 이용한 해외 진출을 시도 한다면 선진의 세계화에 보탬이 될 수 있을 것이라 사료 됩니다 또한 이미 성장 일로 중에 있었으나 팬데믹으로 인해 더욱 급속도로 확산 중인 언텍트 문화를 발판 삼아 다년간 축적된 육가공 기술 및 포장 기술 등 관련 유통 기술을 이용한 공격적인 해외 진출 역시 더욱 가파른  성장세를 만들 수 있을 것으로 생각합니다,축산 관련 사업은 식품 안전 제품 품질 및 단가 기술력 등 작은 부분이라도 경쟁력을 잃게 된다면 급속도로 도태될 수 있으나 사료 사업에 더해 수십 년간 축적된 노하우에 기술을 더해  이미 제작 되어진 다양한 관련 자동화 기계와 장비 등을 이용한 해외 진출을 시도한다면 선진의 세계화에 보탬이 될 수 있을 것이라 사료 된다.,또한 이미 성장 일로 중에 있었으나 팬데믹으로 인해 더욱 급속도로 확산 중인 언텍트 문화를 발판 삼아 다년간 축적된 육가공 기술 및 포장 기술 등 관련 유통 기술을 이용한 공격적인 해외 진출 역시 더욱 가파른  성장세를 만들 수 있을 것으로 생각합니다다.
98,중국에서의 한류 열풍 및 한국 화장품의 인기에 힘입어 이라는 플랫폼을 통해 한국 화장품 관련 온라인 멀티숍을 창업해본 경험이 있습니다 사업 초기 포화된 시장 형태 및 자금 부족으로 인한 가격 경쟁력 등 경쟁력 부족으로 난관에 봉착하였으나 자료 또는 중국의 빅데이터 채널 활용 등을 통한 시장 조사 및 전략 기법을 이용 한 전략적 접근으로 일부 손해 회 복 및 사업 개선을 이루었습니다 연령 국적별 거주 인구 성별 등 시장 세분화 과정을 거쳐 중국 내 거주 중인 대 러시아계 고객층 타겟팅 시 경쟁력이 있을 것으로 판단 를 담당할 카자흐스탄인을 영입하고 모든 문구 등을 러시아어로 대체 및 피부 성질에 맞는 제품을 준비하는 등 전략적 포지셔닝을 통해 중국 내 그들만을 위한 한국 화장품 판매 플랫폼의 이미지를  형성할 수 있게 되었습니다 이와 더불어 사업 당시 등 중국 내 도매 루트를 이용하게 되면 저렴한 가격에 다양한 제품을 손쉽게 확보할 수 있었으나 가짜 제품이 많다는 정보를 보았으며 실제 당시 소량의 가짜 제품을 경험한 적이 있습니다 인체에 직접 사용되는 화장품 특성 상 고객들에게 실수로라도 유해한 제품을 제공할 수 없다는 취지하에 직접 한국으로  발품을 팔아 수익은 적지만 안정성이 확보된 제품을 판매하였습니다 덕분에 더욱 많은 이목을 끌 수 있었지만 재고 확보 및 제품 다양화가 필수인 화장품 멀티숍 특성에 따라 부족한 자금이 여전히 한계를 만들었고 결국 실패의 길로 돌아선 경험이었습니다 그러나 해당 경험을 통해 시장 분석 및 계획의 중요성과 시장 분석을 통해 새로운 기 회 창출에 대한 경험과 능력을  함양하였고 또한 고객 응대 공급처 발굴 돌발 상황 대처 등 다양한 실무 경험을 축적하였습니다,"중국에서의 한류 열풍 및 한국 화장품의 인기에 힘입어 이라는 플랫폼을 통해 한국 화장품 관련 온라인 멀티숍을 창업해본 경험이 있는데, 사업 초기 포화된 시장 형태 및 자금 부족으로 인한 가격 경쟁력 등 경쟁력 부족으로 난관에 봉착하였으나 자료 또는 중국의 빅데이터 채널 활용 등을 통한 시장 조사 및 전략 기법을 이용 한 전략적 접근으로 일부 손해 회 복 및 사업 개선을 이루었다.","연령 국적별 거주 인구 성별 등 시장 세분화 과정을 거쳐 중국 내 거주 중인 대 러시아계 고객층 타겟팅 시 경쟁력이 있을 것으로 판단 를 담당할 카자흐스탄인을 영입하고 모든 문구 등을 러시아어로 대체 및 피부 성질에 맞는 제품을 준비하는 등 전략적 포지셔닝을 통해 중국 내 그들만을 위한 한국 화장품 판매 플랫폼의 이미지를  형성할 수 있게 되었습니다.
이와 더불어 사업 당시 등 중국 내 도매 루트를 이용하게 되면 저렴한 가격에 다양한 제품을 손쉽게 확보할 수 있었으나 가짜 제품이 많다는 정보를 보았으며 실제 당시 소량의 가짜 제품을 경험한 적이 있습니다."
99,저는 도 전에 목 마른 인재입니다 이에 우물 안 개구리라는 말은 제 삶 가운데 굉장히 낯선 말이었습니다 일찍 시작된 유학생활 속에서 저는 스스로의 사고를 확장시킬 수 있도록 학교 전공에 국한되지 않고 다양한 사람들을 만날 수 있는 다양한 경험을 할 수 있는 공간 및 기회를 찾았습니다 중국을 넘어 캐나다 필리핀 등지에서 연수하며 해당 국가의 현지인들을 만 나 그들의 문화와 사고를 이해할 수 있었을 뿐만 아니라 에서 활동하며 중국 전역에서 활동 중인 사업가들과 교류하게 되었고 그들과의 친분을 쌓으며 그들의 비즈니스 마인드를 엿볼 수 있었습니다 이와 더불어 창업대회 참가 한국 화장품 온라인 멀티숍 스토어 등을 창업하며 사업 계획 수립에서부터 공급처 확보 물류 마케팅 고객 응대 돌발 상황 대처 등 다양한 실무  경험까지 접할 수 있었습니다 이외에도 제자리에 머물지 않고 다양한 리더로서의 경험 무역스쿨 창업대회 무역영어 취득 등 기반을 쌓기 위한 다양한 방면으로의 노력을 기울였습니다 이러한 과정을 통해 저는 제 안에 세계를 품을 수 있었고 이는 제가 가진 가장 큰 경쟁력이 되었습니다 영업을 함에 있어 현지 문화에 대한 편견 없는 이해와 빠른 습득을 가능 케 하며  납기 제품 원가 대금 처리 등 다양한 실무적 요인으로 인한 생산 구매 재무 등 다양한 부서와의 협력 국내뿐만 아닌 다국적 업체와의 협의 및 계약 체결에 더해 다양한 돌발 상황을 대처해야 하는 영업 직무의 일원으로 업무를 함에 있어 능력은 물론 다양한 방면에 걸친 효율적인 업무처리 능력은 필수적이기 때문입니다,중국을 넘어 캐나다 필리핀 등지에서 연수하며 해당 국가의 현지인들을 만 나 그들의 문화와 사고를 이해할 수 있었을 뿐만 아니라 그들과의 친분을 쌓으며 그들의 비즈니스 마인드를 엿볼 수 있었으며 창업대회 참가 한국 화장품 온라인 멀티숍 스토어 등을 창업하며 사업 계획 수립에서부터 공급처 확보 물류 마케팅 고객 응대 돌발 상황 대처 등 다양한 실무  경험까지 접할 수 있었다.,"이와 더불어 창업대회 참가 한국 화장품 온라인 멀티숍 스토어 등을 창업하며 사업 계획 수립에서부터 공급처 확보 물류 마케팅 고객 응대 돌발 상황 대처 등 다양한 실무  경험까지 접할 수 있었습니다.
이외에도 제자리에 머물지 않고 다양한 리더로서의 경험 무역스쿨 창업대회 무역영어 취득 등 기반을 쌓기 위한 다양한 방면으로의 노력을 기울였습니다."
100,개인 기업을 아우르는 고객에 대한 이 해 현장에서 기업 고객과 개인 고객에 대한 인사이트가 제가 가진 가장 큰 경쟁력입니다 개인 고객을 대하는 에서는 친절 응대에서 나아가 데이터 기반 응대의 중요성을 배웠습니다 현장에서 근무하면서 일 목표 매출 달성을 위한 주요 지표를 실시간으로 파악하고 이를 바탕으로 고객을 응대하였습니다 트래픽을 높이기 위한 외부  프로모션 유치 구매 전환을 위한 밀접 응대 객 단가 증가를 위한 연계 상품 추천 등을 경험하며 데이터를 통한 영업 경쟁력을 높였습니다 구조에서는 개인을 넘어 기업 차원에서의 이해 관계 파악의 중요성을 배웠습니다 인턴 시절 와의 프로그램을 보조하며 수혜 기업 선정 과정에 참여하고 이후 대표님들과 소통하였습니다 선정 과정에서는 프로그램 참여 전후 차이가 뚜 렷한 기업 선정에 고심하였습니다 선 정 이후엔 대표님들께 선정 축하 사실을 전달 드리며 자사와 의 레퍼런스가 되신 만큼 책임감 있는 사 후 콘텐츠 릴리즈를 당부 드렸습니다 이를 통해 다양한 스타트업 레퍼런스를 만들어가는 의 니즈와 포트폴리오사의 근무 환경 개선에 도움되는 자사 모두의 니즈를 만족시켜 왔습니다 데이터 기반의 근거 있는 영업관리인 데이터를 기반으로  고객사 및 분들에게 근거 있는 영업관리인으로 기억되겠습니다 고객사 및 분들과 컨택하는 과정에서 개 이상의 납품 사례를 바탕으로 퍼시스가 쌓아온 고민의 시간들과 헤리티지를 전하겠습니다 또한 주요 파트너사의 동향을 꼼꼼히 확인하겠습니다 스타트업 지원기관 인턴 시절 개 이상의 사업 계획서를 검토하고 팀 선발 업무를 보조하였습니다 파트너사의 주요 이슈를 선제적으 로 파악하여 경쟁사보다 먼저 기회를 잡을 수 있는 안목을 더 하겠습니다,개인 기업을 아우르는 고객에 대한 이 해 현장에서 기업 고객과 개인 고객에 대한 인사이트가 제가 가진 가장 큰 경쟁력이고 이를 통해 다양한 스타트업 레퍼런스를 만들어가는 의 니즈와 포트폴리오사의 근무 환경 개선에 도움되는 자사 모두의 니즈를 만족시켜 왔다.,"개인 고객을 대하는 에서는 친절 응대에서 나아가 데이터 기반 응대의 중요성을 배웠습니다.
현장에서 근무하면서 일 목표 매출 달성을 위한 주요 지표를 실시간으로 파악하고 이를 바탕으로 고객을 응대하였습니다.
데이터 기반의 근거 있는 영업관리인 데이터를 기반으로  고객사 및 분들에게 근거 있는 영업관리인으로 기억되겠습니다.
고객사 및 분들과 컨택하는 과정에서 개 이상의 납품 사례를 바탕으로 퍼시스가 쌓아온 고민의 시간들과 헤리티지를 전하겠습니다."
